Name,Product Body,Storage,Camera,Battery,Display Size,Price,Rating
OnePlus 13R 5G,Nebula Noir,512 GB,50MP Rear Camera,6000 mAh,6.78 inch,"₹45,485",4.5
Xiaomi 14 CIVI,Panda White,512 GB,50MP Rear Camera | 32MP + 32MP Dual Front Camera,4700 mAh,6.55 inch,"₹39,999",4.3
OnePlus 13R 5G,Nebula Noir,256 GB,50MP Rear Camera,6000 mAh,6.78 inch,"₹39,990",4.5
vivo V40 Pro 5G,Titanium Grey,512 GB,50MP + 50MP + 50MP | 50MP Front Camera,5500 mAh,6.78 inch,"₹47,998",4.5
vivo V60 5G,Mist Gray,512 GB,50MP + 8MP + 50MP | 50MP Front Camera,6500 mAh,6.77 inch,"₹45,999",4.5
OnePlus Nord 5 5G,Phantom Grey,512 GB,50MP Rear Camera,6800 mAh,6.83 inch,"₹38,936",4.6
Motorola Edge 50 Ultra 5G,Nordic Wood,512 GB,50MP + 50MP + 64MP | 50MP Front Camera,4500 mAh,6.7 inch,"₹44,999",4.3
OPPO Reno14 Pro 5G,Titanium Grey,256 GB,50MP + 50MP + 50MP | 50MP Front Camera,6200 mAh,6.83 inch,"₹49,999",4.5
OnePlus 13R 5G,Astral Trail,512 GB,50MP Rear Camera,6000 mAh,6.78 inch,"₹45,199",4.5
IQOO Neo 10,Inferno Red,512 GB,50MP + 50MP + 8MP | 32MP + 32MP Dual Front Camera,7000 mAh,6.78 inch,"₹41,201",4.7
Xiaomi 14 CIVI,Cruise Blue,256 GB,50MP Rear Camera | 32MP + 32MP Dual Front Camera,4700 mAh,6.55 inch,"₹36,999",4.3
vivo V60 5G,Auspicious Gold,256 GB,50MP + 8MP + 50MP | 50MP Front Camera,6500 mAh,6.77 inch,"₹40,999",4.5
Samsung Galaxy A55 5G,Awesome Navy,256 GB,50MP + 12MP + 5MP | 32MP Front Camera,5000 mAh,6.6 inch,"₹29,999",4.4
vivo V60 5G,Auspicious Gold,512 GB,50MP + 8MP + 50MP | 50MP Front Camera,6500 mAh,6.77 inch,"₹45,999",4.5
vivo V40 Pro 5G,Ganges Blue,512 GB,50MP + 50MP + 50MP | 50MP Front Camera,5500 mAh,6.78 inch,"₹47,778",4.5
vivo V60 5G,Moonlit Blue,512 GB,50MP + 8MP + 50MP | 50MP Front Camera,6500 mAh,6.77 inch,"₹45,999",4.5
OnePlus 13s 5G,Black Velvet,256 GB,50MP Rear Camera,5850 mAh,6.32 inch,"₹52,629",4.5
vivo T4 Ultra 5G,Meteor Grey,256 GB,50MP + 8MP + 50MP Periscope | 32MP Front Camera,5500 mAh,6.67 inch,"₹39,999",4.5
Motorola Edge 50 Ultra 5G,Forest Grey,512 GB,50MP + 50MP + 64MP | 50MP Front Camera,4500 mAh,6.7 inch,"₹44,999",4.3
Samsung Galaxy A56 5G,Awesome Graphite,256 GB,50MP + 12MP + 5MP | 12MP Front Camera,5000 mAh,6.7 inch,"₹40,999",4.4
OnePlus 13R 5g,Astral Trail,256 GB,50MP Rear Camera,6000 mAh,6.78 inch,"₹39,990",4.5
vivo T4 Ultra 5G,Phoenix Gold,512 GB,50MP + 8MP + 50MP Periscope | 32MP Front Camera,5500 mAh,6.67 inch,"₹41,999",4.5
Samsung Galaxy A55 5G,Awesome Iceblue,256 GB,50MP + 12MP + 5MP | 32MP Front Camera,5000 mAh,6.6 inch,"₹35,091",4.4
IQOO Neo 10,Titanium Chrome,512 GB,50MP + 50MP + 8MP | 32MP + 32MP Dual Front Camera,7000 mAh,6.78 inch,"₹41,945",4.7
OPPO K13x 5G 6000mAh and 45W SUPERVOOC Charger & AI,Midnight Violet,128 GB,50MP + 2MP | 8MP Front Camera,6000 mAh,6.67 inch,"₹11,999",4.4
MOTOROLA Edge 60 Fusion 5G,PANTONE Amazonite,256 GB,50MP + 13MP | 32MP Front Camera,5500 mAh,6.67 inch,"₹22,999",4.5
Motorola Edge 50 Ultra 5G,Peach Fuzz,512 GB,50MP + 50MP + 64MP | 50MP Front Camera,4500 mAh,6.7 inch,"₹44,999",4.3
OnePlus Nord 5 5G,Dry Ice,256 GB,50MP Rear Camera,6800 mAh,6.83 inch,"₹33,992",4.6
MOTOROLA G96 5G,Pantone Ashleigh Blue,256 GB,50MP + 8MP | 32MP Front Camera,5500 mAh,6.67 inch,"₹19,999",4.4
OPPO Reno14 5G,Forest Green,512 GB,50MP + 8MP + 50MP | 50MP Front Camera,6000 mAh,6.59 inch,"₹42,999",4.5
vivo T4 Ultra 5G,Meteor Grey,512 GB,50MP + 8MP + 50MP Periscope | 32MP Front Camera,5500 mAh,6.67 inch,"₹41,999",4.5
Samsung Galaxy A55 5G,Awesome Iceblue,256 GB,50MP + 12MP + 5MP | 32MP Front Camera,5000 mAh,6.6 inch,"₹33,390",4.3
Samsung Galaxy S24 FE 5G,Mint,256 GB,50MP + 12MP | 10MP Front Camera,4700 mAh,6.7 inch,"₹45,999",4.5
Samsung Galaxy S24 FE 5G,Graphite,256 GB,50MP + 12MP | 10MP Front Camera,4700 mAh,6.7 inch,"₹45,999",4.5
OnePlus 10 Pro 5G,Emeald Forest,256 GB,48MP Rear Camera | 32MP Front Camera,5000 mAh,6.7 inch,"₹44,999",3.9
realme Gt 7,Icesense Black,512 GB,50MP + 50MP + 50MP + 8MP | 32MP + 32MP Dual Front Camera,7000 mAh,6.78 inch,"₹48,999",4.3
vivo V40 Pro 5G,Titanium Grey,256 GB,50MP + 50MP + 50MP | 50MP Front Camera,5500 mAh,6.78 inch,"₹40,499",4.5
Samsung Galaxy S23 5G,Green,128 GB,50MP + 10MP + 12MP | 12MP Front Camera,3900 mAh Lithium Ion,6.1 inch,"₹44,999",4.6
Google Pixel 9A,Obsidian,256 GB,48MP + 12MP | 12MP Front Camera,5100 mAh,6.285 inch,"₹49,999",4.4
Xiaomi 14 CIVI,Aqua Blue,512 GB,50MP Rear Camera | 32MP + 32MP Dual Front Camera,4700 mAh,6.55 inch,"₹39,999",4.3
OnePlus Nord 5 5G,Phantom Grey,256 GB,50MP Rear Camera,6800 mAh,6.83 inch,"₹34,172",4.6
vivo V60 5G,Mist Gray,256 GB,50MP + 8MP + 50MP | 50MP Front Camera,6500 mAh,6.77 inch,"₹40,999",4.5
OnePlus 13s 5G,Black Velvet,512 GB,50MP Rear Camera,5850 mAh,6.32 inch,"₹59,879",4.5
realme Gt 7,Icesense Blue,512 GB,50MP + 50MP + 50MP + 8MP | 32MP + 32MP Dual Front Camera,7000 mAh,6.78 inch,"₹48,999",4.3
Samsung Galaxy S23 5G,Green,256 GB,50MP + 10MP + 12MP | 12MP Front Camera,3900 mAh Lithium Ion,6.1 inch,"₹49,999",4.6
realme GT 6,Razor Green,512 GB,50MP + 8MP + 50MP | 32MP Front Camera,5500 mAh,6.78 inch,"₹32,999",4.5
Google Pixel 9,Porcelain,256 GB,50MP + 48MP | 10.5MP Front Camera,4700 mAh,6.3 inch,"₹37,999",4.5
OnePlus 12R,Iron Gray,256 GB,50MP Rear Camera,5500 mAh,6.78 inch,"₹39,000",4.5
OPPO K13x 5G 6000mAh and 45W SUPERVOOC Charger & AI,Midnight Violet,128 GB,50MP + 2MP | 8MP Front Camera,6000 mAh,6.67 inch,"₹11,999",4.4
MOTOROLA Edge 60 Fusion 5G,PANTONE Amazonite,256 GB,50MP + 13MP | 32MP Front Camera,5500 mAh,6.67 inch,"₹22,999",4.5
OnePlus 12R,Iron Gray,128 GB,50MP Rear Camera,5500 mAh,6.78 inch,"₹36,900",4.5
vivo V30 Pro 5G,Andaman Blue,512 GB,50MP + 50MP + 50MP | 50MP Front Camera,5000 mAh,6.78 inch,"₹39,999",4.5
realme GT 6,Fluid Silver,512 GB,50MP + 8MP + 50MP | 32MP Front Camera,5500 mAh,6.78 inch,"₹32,999",4.5
vivo V30 Pro 5G,Classic Black,512 GB,50MP + 50MP + 50MP | 50MP Front Camera,5000 mAh,6.78 inch,"₹39,999",4.5
MOTOROLA G96 5G,Pantone Ashleigh Blue,256 GB,50MP + 8MP | 32MP Front Camera,5500 mAh,6.67 inch,"₹19,999",4.4
Google Pixel 10,Obsidian,256 GB,48MP + 13MP + 10.8MP | 10.5MP Front Camera,4970 mAh,6.3 inch,"₹79,999",4.6
Google Pixel 9,Obsidian,256 GB,50MP + 48MP | 10.5MP Front Camera,4700 mAh,6.3 inch,"₹37,999",4.5
Google Pixel 9A,Porcelain,256 GB,48MP + 12MP | 12MP Front Camera,5100 mAh,6.285 inch,"₹49,999",4.4
Tecno Phantom X2 Pro,Mars Orange,256 GB,50MP + 50MP + 13MP | 32MP Front Camera,5160 mAh,6.8 inch,"₹41,999",4.4
Samsung Galaxy S21 FE 5G with Snapdragon 888,Graphite,128 GB,12MP + 12MP + 8MP (OIS) | 32MP Front Camera,4500 mAh Lithium-ion,6.4 inch,"₹45,999",4.3
Samsung Galaxy A55 5G,Awesome Navy,256 GB,50MP + 12MP + 5MP | 32MP Front Camera,5000 mAh,6.6 inch,"₹33,900",4.3
Samsung Galaxy S23 FE,Mint,256 GB,50MP + 12MP | 10MP Front Camera,4500 mAh,6.4 inch,"₹44,990",4.4
Google Pixel 9A,Iris,256 GB,48MP + 12MP | 12MP Front Camera,5100 mAh,6.285 inch,"₹49,999",4.4
Xiaomi 12 Pro 5G,Noir Black,256 GB,50MP + 50MP + 50MP | 32MP Front Camera,4600 mAh Lithium Polymer,6.73 inch,"₹33,989",4.1
OnePlus 13,Midnight Ocean,256 GB,50MP + 50MP + 50MP | 32MP Front Camera,6000 mAh,6.82 inch,"₹69,999",4.5
Google Pixel 10,Indigo,256 GB,48MP + 13MP + 10.8MP | 10.5MP Front Camera,4970 mAh,6.3 inch,"₹79,999",4.6
MOTOROLA razr 40 Ultra,INFINITE BLACK,256 GB,32MP Rear Camera,3800 mAh,6.9 inch,"₹49,999",4.1
vivo X80,Cosmic Black,128 GB,50MP + 12MP + 12MP | 32MP Front Camera,4500 mAh Lithium,6.78 inch,"₹40,270",4.4
Samsung Galaxy S23 5G,Phantom Black,128 GB,50MP + 10MP + 12MP | 12MP Front Camera,3900 mAh Lithium Ion,6.1 inch,"₹44,999",4.6
OnePlus 12R,Cool Blue,256 GB,50MP Rear Camera,5500 mAh,6.78 inch,"₹39,000",4.5
Samsung Galaxy S23 5G,Phantom Black,256 GB,50MP + 10MP + 12MP | 12MP Front Camera,3900 mAh Lithium Ion,6.1 inch,"₹49,999",4.6
Samsung Galaxy S21 FE 5G with Snapdragon 888,Olive,128 GB,12MP + 12MP + 8MP (OIS) | 32MP Front Camera,4500 mAh Lithium-ion,6.4 inch,"₹45,999",4.3
Tecno Phantom X2,Stardust Grey,256 GB,64MP Rear Camera,5160 mAh,6.8 inch,"₹37,999",4.0
OPPO K13x 5G 6000mAh and 45W SUPERVOOC Charger & AI,Midnight Violet,128 GB,50MP + 2MP | 8MP Front Camera,6000 mAh,6.67 inch,"₹11,999",4.4
MOTOROLA Edge 60 Fusion 5G,PANTONE Amazonite,256 GB,50MP + 13MP | 32MP Front Camera,5500 mAh,6.67 inch,"₹22,999",4.5
Google Pixel 9,Peony,256 GB,50MP + 48MP | 10.5MP Front Camera,4700 mAh,6.3 inch,"₹37,999",4.5
vivo X90,Asteroid Black,256 GB,50MP + 12MP + 12MP | 32MP Front Camera,4810 mAh,6.78 inch,"₹48,778",4.3
MOTOROLA G96 5G,Pantone Ashleigh Blue,256 GB,50MP + 8MP | 32MP Front Camera,5500 mAh,6.67 inch,"₹19,999",4.4
vivo V40 5G,Lotus Purple,512 GB,50MP + 50MP | 50MP Front Camera,5500 mAh,6.78 inch,"₹40,990",4.6
Samsung Galaxy Z Flip7 5G,Coralred,256 GB,50MP + 12MP | 10MP Front Camera,4300 mAh,6.9 inch,"₹1,09,999",4.3
Samsung Galaxy A36 5G,Awesome Lavender,256 GB,50MP + 8MP | 12MP Front Camera,5000 mAh,6.7 inch,"₹33,499",4.4
realme X50 Pro 5G,Rust Red,256 GB,64MP + 12MP + 8MP + 2MP | 32MP + 8MP Dual Front Camera,4200 mAh,6.44 inch,"₹47,999",4.4
OPPO Reno 12 Pro 5G,Sunset Gold,512 GB,50MP + 8MP + 50MP | 50MP Front Camera,5000 mAh,6.7 inch,"₹40,999",4.4
realme GT 7 Pro,Grey,256 GB,50MP Rear Camera,5800 mAh,6.78 inch,"₹49,999",4.2
Xiaomi 12 Pro 5G,Noir Black,256 GB,50MP + 50MP + 50MP | 32MP Front Camera,4600 mAh Lithium Polymer,6.73 inch,"₹38,997",4.1
OPPO Reno 12 Pro 5G,Space Brown,512 GB,50MP + 8MP + 50MP | 50MP Front Camera,5000 mAh,6.7 inch,"₹33,600",4.4
Samsung Galaxy S21 FE 5G with Snapdragon 888,Olive,256 GB,12MP + 12MP + 8MP (OIS) | 32MP Front Camera,4500 mAh Lithium-ion,6.4 inch,"₹34,990",4.3
Google Pixel 9,Wintergreen,256 GB,50MP + 48MP | 10.5MP Front Camera,4700 mAh,6.3 inch,"₹37,999",4.5
OnePlus 10T 5G,Moonstone Black,128 GB,50MP Rear Camera,4800 mAh,6.7 inch,"₹35,990",4.3
realme GT 7 Pro,Mars Orange,256 GB,50MP Rear Camera,5800 mAh,6.78 inch,"₹49,999",4.2
Samsung Galaxy S23 5G,Cream,128 GB,50MP + 10MP + 12MP | 12MP Front Camera,3900 mAh Lithium Ion,6.1 inch,"₹44,999",4.6
vivo V40 5G,Titanium Grey,512 GB,50MP + 50MP | 50MP Front Camera,5500 mAh,6.78 inch,"₹44,058",4.6
vivo V40 5G,Ganges Blue,512 GB,50MP + 50MP | 50MP Front Camera,5500 mAh,6.78 inch,"₹42,999",4.6
OPPO K13x 5G 6000mAh and 45W SUPERVOOC Charger & AI,Midnight Violet,128 GB,50MP + 2MP | 8MP Front Camera,6000 mAh,6.67 inch,"₹11,999",4.4
MOTOROLA Edge 60 Fusion 5G,PANTONE Amazonite,256 GB,50MP + 13MP | 32MP Front Camera,5500 mAh,6.67 inch,"₹22,999",4.5
Samsung Galaxy S21 FE 5G with Snapdragon 888,Navy,128 GB,12MP + 12MP + 8MP (OIS) | 32MP Front Camera,4500 mAh Lithium-ion,6.4 inch,"₹45,999",4.3
Samsung Galaxy S7,Gold Platinum,32 GB,12MP Rear Camera | 5MP Front Camera,3000 mAh Li-Ion,5.1 inch,"₹46,000",4.4
MOTOROLA G96 5G,Pantone Ashleigh Blue,256 GB,50MP + 8MP | 32MP Front Camera,5500 mAh,6.67 inch,"₹19,999",4.4
Samsung Galaxy Z Flip7 5G,Coralred,512 GB,50MP + 12MP | 10MP Front Camera,4300 mAh,6.9 inch,"₹1,21,999",4.3
OnePlus 13,Arctic Dawn,512 GB,50MP + 50MP + 50MP | 32MP Front Camera,6000 mAh,6.82 inch,"₹74,999",4.7
Samsung Galaxy A73 5G,Awesome Mint,256 GB,108MP + 12MP + 5MP + 5MP | 32MP Front Camera,5000 mAh Li-ion,6.7 inch,"₹44,999",4.2
Samsung Galaxy Z Flip3 5G,Cream,128 GB,12MP + 12MP | 10MP Front Camera,3300 mAh Lithium-ion,6.7 inch,"₹56,666",4.2
Samsung A56 5G,Black,256 GB,50MP + 12MP,5000 mAh,6.7 inch,"₹47,999",4.4
OPPO Reno11 Pro 5G,Rock Grey,256 GB,50MP + 8MP + 32MP | 32MP Front Camera,4600 mAh,6.7 inch,"₹38,275",4.4
Google Pixel 8,Hazel,128 GB,50MP + 12MP | 10.5MP Front Camera,4575 mAh,6.2 inch,"₹44,999",4.4
Google Pixel 8,Rose,128 GB,50MP + 12MP | 10.5MP Front Camera,4575 mAh,6.2 inch,"₹44,999",4.4
Google Pixel 8,Obsidian,128 GB,50MP + 12MP | 10.5MP Front Camera,4575 mAh,6.2 inch,"₹44,999",4.2
OPPO Find N3 Flip,Cream Gold,256 GB,50MP + 48MP + 32MP | 32MP Front Camera,4300 mAh,6.8 inch,"₹48,990",4.6
Xiaomi 14 CIVI,Shadow Black,512 GB,50MP Rear Camera | 32MP + 32MP Dual Front Camera,4700 mAh,6.55 inch,"₹38,999",4.6
Samsung Galaxy S23 5G,Cream,128 GB,50MP + 10MP + 12MP | 12MP Front Camera,3900 mAh Lithium Ion,6.1 inch,"₹47,999",4.5
MOTOROLA Razr 50,Koala Grey,256 GB,50MP Rear Camera,4200 mAh,6.9 inch,"₹43,999",3.2
OnePlus 6,Midnight Black,256 GB,20MP Rear Camera,3300 mAh,6.28 inch,"₹43,700",4.6
OPPO K13x 5G 6000mAh and 45W SUPERVOOC Charger & AI,Midnight Violet,128 GB,50MP + 2MP | 8MP Front Camera,6000 mAh,6.67 inch,"₹11,999",4.4
MOTOROLA Edge 60 Fusion 5G,PANTONE Amazonite,256 GB,50MP + 13MP | 32MP Front Camera,5500 mAh,6.67 inch,"₹22,999",4.5
OnePlus Nord 5 5G,Phantom Grey,512 GB,50MP Rear Camera,6800 mAh,6.83 inch,"₹38,936",4.6
OPPO Reno13 5G,Ivory White,128 GB,50MP + 8MP + 2MP | 50MP Front Camera,5600 mAh,6.59 inch,"₹35,999",4.4
Google Pixel 9,Porcelain,256 GB,50MP + 48MP | 10.5MP Front Camera,4700 mAh,6.3 inch,"₹37,999",4.5
IQOO Neo 10,Titanium Chrome,256 GB,50MP + 50MP + 8MP | 32MP + 32MP Dual Front Camera,7000 mAh,6.78 inch,"₹36,995",4.5
MOTOROLA G96 5G,Pantone Ashleigh Blue,256 GB,50MP + 8MP | 32MP Front Camera,5500 mAh,6.67 inch,"₹19,999",4.4
MOTOROLA G96 5G,Pantone Dresden Blue,128 GB,50MP + 8MP | 32MP Front Camera,5500 mAh,6.67 inch,"₹17,999",4.4
OPPO Reno13 5G,Luminous Blue,256 GB,50MP + 8MP + 2MP | 50MP Front Camera,5600 mAh,6.59 inch,"₹37,999",4.4
OPPO Reno13 5G,Blue,128 GB,50MP + 8MP + 2MP | 50MP Front Camera,5600 mAh,6.59 inch,"₹35,999",4.4
MOTOROLA G96 5G,Pantone Greener Pastures,128 GB,50MP + 8MP | 32MP Front Camera,5500 mAh,6.67 inch,"₹17,999",4.4
MOTOROLA G96 5G,Pantone Cattleya Orchid,256 GB,50MP + 8MP | 32MP Front Camera,5500 mAh,6.67 inch,"₹19,999",4.4
OnePlus Nord 5 5G,Phantom Grey,256 GB,50MP Rear Camera,6800 mAh,6.83 inch,"₹34,172",4.6
IQOO Neo 10,Inferno Red,256 GB,50MP + 50MP + 8MP | 32MP + 32MP Dual Front Camera,7000 mAh,6.78 inch,"₹38,495",4.5
OPPO Reno14 5G,Pearl White,256 GB,50MP + 8MP + 50MP | 50MP Front Camera,6000 mAh,6.59 inch,"₹39,999",4.5
Google Pixel 9,Obsidian,256 GB,50MP + 48MP | 10.5MP Front Camera,4700 mAh,6.3 inch,"₹37,999",4.5
OnePlus Nord 5 5G,Marble Sands,256 GB,50MP Rear Camera,6800 mAh,6.83 inch,"₹34,152",4.6
Samsung Galaxy S24 FE 5G,Graphite,128 GB,50MP + 12MP | 10MP Front Camera,4700 mAh,6.7 inch,"₹39,999",4.5
Samsung Galaxy S24 FE 5G,Mint,128 GB,50MP + 12MP | 10MP Front Camera,4700 mAh,6.7 inch,"₹39,999",4.5
OPPO Reno14 5G,Mint Green,256 GB,50MP + 8MP + 50MP | 50MP Front Camera,6000 mAh,6.59 inch,"₹39,999",4.5
OPPO Reno13 5G,Sky Blue,256 GB,50MP + 8MP + 2MP | 50MP Front Camera,5600 mAh,6.59 inch,"₹30,640",4.4
Samsung Galaxy S24 FE 5G,Blue,128 GB,50MP + 12MP | 10MP Front Camera,4700 mAh,6.7 inch,"₹39,999",4.5
OPPO Reno14 5G,Pearl White,256 GB,50MP + 8MP + 50MP | 50MP Front Camera,6000 mAh,6.59 inch,"₹37,999",4.4
OPPO Reno14 5G,Forest Green,256 GB,50MP + 8MP + 50MP | 50MP Front Camera,6000 mAh,6.59 inch,"₹39,999",4.5
vivo T4 Ultra 5G,Phoenix Gold,256 GB,50MP + 8MP + 50MP Periscope | 32MP Front Camera,5500 mAh,6.67 inch,"₹37,999",4.5
vivo T4 Ultra 5G,Meteor Grey,256 GB,50MP + 8MP + 50MP Periscope | 32MP Front Camera,5500 mAh,6.67 inch,"₹39,999",4.5
OPPO K13x 5G 6000mAh and 45W SUPERVOOC Charger & AI,Midnight Violet,128 GB,50MP + 2MP | 8MP Front Camera,6000 mAh,6.67 inch,"₹11,999",4.4
Samsung Galaxy A56 5G,Awesome Graphite,256 GB,50MP + 12MP + 5MP | 12MP Front Camera,5000 mAh,6.7 inch,"₹38,499",4.4
OPPO Reno14 5G,Pearl White,256 GB,50MP + 8MP + 50MP | 50MP Front Camera,6000 mAh,6.59 inch,"₹37,999",4.5
MOTOROLA Edge 60 Fusion 5G,PANTONE Amazonite,256 GB,50MP + 13MP | 32MP Front Camera,5500 mAh,6.67 inch,"₹22,999",4.4
MOTOROLA G96 5G,Pantone Ashleigh Blue,256 GB,50MP + 8MP | 32MP Front Camera,5500 mAh,6.67 inch,"₹19,999",4.2
Samsung Galaxy A55 5G,Awesome Navy,256 GB,50MP + 12MP + 5MP | 32MP Front Camera,5000 mAh,6.6 inch,"₹33,900",4.3
Google Pixel 8a,Bay,128 GB,64MP + 13MP | 13MP Front Camera,4404 mAh,6.1 inch,"₹37,999",4.4
vivo V60 5G,Mist Gray,128 GB,50MP + 8MP + 50MP | 50MP Front Camera,6500 mAh,6.77 inch,"₹36,999",4.4
MOTOROLA G96 5G,Pantone Cattleya Orchid,256 GB,50MP + 8MP | 32MP Front Camera,5500 mAh,6.67 inch,"₹19,999",4.4
vivo V60 5G,Moonlit Blue,256 GB,50MP + 8MP + 50MP | 50MP Front Camera,6500 mAh,6.77 inch,"₹38,999",4.3
realme 15 Pro 5G,Flowing Silver,256 GB,50MP + 50MP | 50MP Front Camera,7000 mAh,6.8 inch,"₹35,999",4.4
OPPO Reno14 5G,Forest Green,256 GB,50MP + 8MP + 50MP | 50MP Front Camera,6000 mAh,6.59 inch,"₹37,999",4.4
Samsung Galaxy S23 FE,Graphite,128 GB,50MP + 12MP | 10MP Front Camera,4500 mAh,6.4 inch,"₹37,999",4.4
REDMI Note-14 Pro+ 5G,Titan Black,512 GB,50MP + 50MP + 8MP | 20MP Front Camera,6200 mAh,6.67 inch,"₹30,859",4.3
Xiaomi 14 CIVI,Aqua Blue,512 GB,50MP Rear Camera | 32MP + 32MP Dual Front Camera,4700 mAh,6.55 inch,"₹39,999",4.4
vivo V60 5G,Mist Gray,256 GB,50MP + 8MP + 50MP | 50MP Front Camera,6500 mAh,6.77 inch,"₹38,999",4.3
realme 15 Pro 5G,Flowing Silver,512 GB,50MP + 50MP | 50MP Front Camera,7000 mAh,6.8 inch,"₹38,999",4.3
realme 15 Pro 5G,Silk Purple,256 GB,50MP + 50MP | 50MP Front Camera,7000 mAh,6.8 inch,"₹35,999",4.2
REDMI Note-14 Pro+ 5G,Phantom Purple,256 GB,50MP + 50MP + 8MP | 20MP Front Camera,6200 mAh,6.67 inch,"₹27,479",4.3
Xiaomi 14 CIVI,Cruise Blue,256 GB,50MP Rear Camera | 32MP + 32MP Dual Front Camera,4700 mAh,6.55 inch,"₹36,999",4.3
vivo V60 5G,Auspicious Gold,256 GB,50MP + 8MP + 50MP | 50MP Front Camera,6500 mAh,6.77 inch,"₹38,999",4.4
realme 15 Pro 5G,Velvet Green,256 GB,50MP + 50MP | 50MP Front Camera,7000 mAh,6.8 inch,"₹35,999",4.3
OPPO K13x 5G 6000mAh and 45W SUPERVOOC Charger & AI,Midnight Violet,128 GB,50MP + 2MP | 8MP Front Camera,6000 mAh,6.67 inch,"₹11,999",4.4
realme Gt 7T,Icesense Black,256 GB,50MP + 50MP + 8MP | 32MP + 32MP Dual Front Camera,7000 mAh,6.8 inch,"₹31,999",4.4
OPPO K13 Turbo Pro 5G,Midnight Maverick,256 GB,50MP + 2MP | 16MP Front Camera,7000 mAh,6.8 inch,"₹39,999",4.4
OPPO K13 Turbo Pro 5G,Silver Knight,256 GB,50MP + 2MP | 16MP Front Camera,7000 mAh,6.8 inch,"₹39,999",4.3
Google Pixel 8a,Bay,128 GB,64MP + 13MP | 13MP Front Camera,4404 mAh,6.1 inch,"₹37,999",4.5
MOTOROLA Edge 60 Fusion 5G,PANTONE Amazonite,256 GB,50MP + 13MP | 32MP Front Camera,5500 mAh,6.67 inch,"₹22,999",4.4
MOTOROLA G96 5G,Pantone Ashleigh Blue,256 GB,50MP + 8MP | 32MP Front Camera,5500 mAh,6.67 inch,"₹19,999",4.0
OPPO K13 Turbo Pro 5G,Purple Phantom,256 GB,50MP + 2MP | 16MP Front Camera,7000 mAh,6.8 inch,"₹37,999",4.0
OPPO K13 Turbo Pro 5G,Midnight Maverick,256 GB,50MP + 2MP | 16MP Front Camera,7000 mAh,6.8 inch,"₹37,999",4.4
MOTOROLA G96 5G,Pantone Ashleigh Blue,128 GB,50MP + 8MP | 32MP Front Camera,5500 mAh,6.67 inch,"₹17,999",4.4
OPPO K13 Turbo Pro 5G,Purple Phantom,256 GB,50MP + 2MP | 16MP Front Camera,7000 mAh,6.8 inch,"₹39,999",4.5
vivo V40 5G,Ganges Blue,256 GB,50MP + 50MP | 50MP Front Camera,5500 mAh,6.78 inch,"₹36,999",4.4
OPPO Reno14 5G,Mint Green,256 GB,50MP + 8MP + 50MP | 50MP Front Camera,6000 mAh,6.59 inch,"₹37,999",4.5
vivo V50 5G,Titanium Grey,512 GB,50MP + 50MP | 50MP Front Camera,6000 mAh,6.77 inch,"₹38,999",4.4
REDMI Note-14 Pro+ 5G,Phantom Purple,512 GB,50MP + 50MP + 8MP | 20MP Front Camera,6200 mAh,6.67 inch,"₹31,998",4.5
vivo V50 5G,Rose Red,512 GB,50MP + 50MP | 50MP Front Camera,6000 mAh,6.77 inch,"₹38,999",4.3
realme Gt 7T,Icesense Blue,256 GB,50MP + 50MP + 8MP | 32MP + 32MP Dual Front Camera,7000 mAh,6.8 inch,"₹33,892",4.5
vivo V30 Pro 5G,Andaman Blue,512 GB,50MP + 50MP + 50MP | 50MP Front Camera,5000 mAh,6.78 inch,"₹39,999",4.5
vivo V40 5G,Purple,128 GB,50MP + 50MP | 50MP Front Camera,5500 mAh,6.78 inch,"₹34,999",4.3
Xiaomi 14 CIVI,Cruise Blue,256 GB,50MP Rear Camera | 32MP + 32MP Dual Front Camera,4700 mAh,6.55 inch,"₹36,999",4.4
Samsung Galaxy A55 5G,Awesome Iceblue,256 GB,50MP + 12MP + 5MP | 32MP Front Camera,5000 mAh,6.6 inch,"₹35,091",4.3
Samsung Galaxy S23 FE,Purple,128 GB,50MP + 12MP | 10MP Front Camera,4500 mAh,6.4 inch,"₹34,999",4.4
REDMI Note-14 Pro+ 5G,Spectre Blue,512 GB,50MP + 50MP + 8MP | 20MP Front Camera,6200 mAh,6.67 inch,"₹29,999",4.4
OPPO K13 Turbo Pro 5G,Silver Knight,256 GB,50MP + 2MP | 16MP Front Camera,7000 mAh,6.8 inch,"₹37,999",4.0
Google Pixel 8a,Bay,128 GB,64MP + 13MP | 13MP Front Camera,4404 mAh,6.1 inch,"₹37,999",4.3
OPPO K13x 5G 6000mAh and 45W SUPERVOOC Charger & AI,Midnight Violet,128 GB,50MP + 2MP | 8MP Front Camera,6000 mAh,6.67 inch,"₹11,999",4.4
MOTOROLA Edge 60 Fusion 5G,PANTONE Amazonite,256 GB,50MP + 13MP | 32MP Front Camera,5500 mAh,6.67 inch,"₹22,999",4.5
OPPO Reno8T 5G,Midnight Black,128 GB,108MP + 2MP + 2MP | 32MP Front Camera,4800 mAh Lithium-ion Polymer,6.7 inch,"₹38,999",4.3
vivo V40 5G,Titanium Grey,128 GB,50MP + 50MP | 50MP Front Camera,5500 mAh,6.78 inch,"₹36,058",4.5
MOTOROLA G96 5G,Pantone Ashleigh Blue,256 GB,50MP + 8MP | 32MP Front Camera,5500 mAh,6.67 inch,"₹19,999",4.4
MOTOROLA G96 5G,Pantone Dresden Blue,128 GB,50MP + 8MP | 32MP Front Camera,5500 mAh,6.67 inch,"₹17,999",4.4
OnePlus 12R,Iron Gray,256 GB,50MP Rear Camera,5500 mAh,6.78 inch,"₹39,000",4.5
OnePlus 12R,Sunset Dune,256 GB,50MP Rear Camera,5500 mAh,6.78 inch,"₹39,789",4.5
OnePlus 12R,Iron Gray,128 GB,50MP Rear Camera,5500 mAh,6.78 inch,"₹36,900",4.5
Samsung Galaxy A54 5G,Awesome Lime,256 GB,50MP + 12MP + 5MP | 32MP Front Camera,5000 mAh,6.4 inch,"₹37,499",4.3
MOTOROLA G96 5G,Pantone Greener Pastures,128 GB,50MP + 8MP | 32MP Front Camera,5500 mAh,6.67 inch,"₹17,999",4.4
MOTOROLA G96 5G,Pantone Cattleya Orchid,256 GB,50MP + 8MP | 32MP Front Camera,5500 mAh,6.67 inch,"₹19,999",4.4
vivo V29 Pro 5G,Black,256 GB,50MP + 12MP + 8MP | 50MP Front Camera,4600 mAh,6.78 inch,"₹39,999",4.5
OPPO Reno 12 Pro 5G,Sunset Gold,256 GB,50MP + 8MP + 50MP | 50MP Front Camera,5000 mAh,6.7 inch,"₹36,999",4.4
Samsung Galaxy A56 5G,Awesome Olive,256 GB,50MP + 12MP + 5MP | 12MP Front Camera,5000 mAh,6.7 inch,"₹38,499",4.3
vivo V40 5G,Ganges Blue,128 GB,50MP + 50MP | 50MP Front Camera,5500 mAh,6.78 inch,"₹37,345",4.5
OPPO Reno 12 Pro 5G,Manish Malhotra Limited Edition,256 GB,50MP + 8MP + 50MP | 50MP Front Camera,5000 mAh,6.7 inch,"₹31,899",4.4
OPPO Reno 12 Pro 5G,Space Brown,256 GB,50MP + 8MP + 50MP | 50MP Front Camera,5000 mAh,6.7 inch,"₹36,999",4.4
MOTOROLA Edge 60 Pro,Pantone Sparkling Grape,512 GB,50MP + 50MP + 10MP | 50MP Front Camera,6000 mAh,6.7 inch,"₹37,999",4.4
realme GT Neo 3,White,256 GB,50MP + 8MP + 2MP | 16MP Front Camera,5000 mAh Lithium Ion,6.7 inch,"₹23,203",4.2
OPPO K13x 5G 6000mAh and 45W SUPERVOOC Charger & AI,Midnight Violet,128 GB,50MP + 2MP | 8MP Front Camera,6000 mAh,6.67 inch,"₹11,999",4.4
Xiaomi 14 CIVI,Cruise Blue,512 GB,50MP Rear Camera | 32MP + 32MP Dual Front Camera,4700 mAh,6.55 inch,"₹38,999",4.5
Google Pixel 9,Peony,256 GB,50MP + 48MP | 10.5MP Front Camera,4700 mAh,6.3 inch,"₹37,999",4.5
MOTOROLA Edge 60 Fusion 5G,PANTONE Amazonite,256 GB,50MP + 13MP | 32MP Front Camera,5500 mAh,6.67 inch,"₹22,999",4.4
MOTOROLA G96 5G,Pantone Ashleigh Blue,256 GB,50MP + 8MP | 32MP Front Camera,5500 mAh,6.67 inch,"₹19,999",4.5
Google Pixel 9,Wintergreen,256 GB,50MP + 48MP | 10.5MP Front Camera,4700 mAh,6.3 inch,"₹37,999",4.2
OnePlus 10 Pro 5G,Volcanic Black,128 GB,48MP Rear Camera,5000 mAh,6.7 inch,"₹35,998",4.4
OnePlus 11 5G,Titan Black,128 GB,50MP Rear Camera | 16MP Front Camera,5000 mAh,6.7 inch,"₹38,899",4.4
OPPO Reno13 5G,Ivory White,256 GB,50MP + 8MP + 2MP | 50MP Front Camera,5600 mAh,6.59 inch,"₹37,999",4.4
MOTOROLA G96 5G,Pantone Ashleigh Blue,128 GB,50MP + 8MP | 32MP Front Camera,5500 mAh,6.67 inch,"₹17,999",4.1
Xiaomi 12 Pro 5G,Opera Mauve,256 GB,50MP + 50MP + 50MP | 32MP Front Camera,4600 mAh Lithium Polymer,6.73 inch,"₹36,996",4.4
OnePlus 11 5G,Eternal Green,128 GB,50MP Rear Camera | 16MP Front Camera,5000 mAh,6.7 inch,"₹35,978",4.3
OnePlus 10T 5G,Moonstone Black,128 GB,50MP Rear Camera,4800 mAh,6.7 inch,"₹35,990",4.3
vivo V23 Pro 5G,Sunshine Gold,128 GB,108MP + 8MP + 2MP | 50MP + 8MP Dual Front Camera,4300 mAh Lithium,6.56 inch,"₹38,990",4.2
vivo V23 Pro 5G,Stardust Black,256 GB,108MP + 8MP + 2MP | 50MP + 8MP Dual Front Camera,4300 mAh Lithium,6.56 inch,"₹38,500",4.3
vivo V23 Pro 5G,Stardust Black,128 GB,108MP + 8MP + 2MP | 50MP + 8MP Dual Front Camera,4300 mAh Lithium,6.56 inch,"₹28,399",4.4
MOTOROLA Edge 60 Pro,Pantone Sparkling Grape,512 GB,50MP + 50MP + 10MP | 50MP Front Camera,6000 mAh,6.7 inch,"₹37,999",4.3
OPPO Reno10 Pro 5G,Glossy Purple,256 GB,50MP + 32MP + 8MP | 32MP Front Camera,4600 mAh,6.7 inch,"₹37,999",4.5
OnePlus 12R,Cool Blue,256 GB,50MP Rear Camera,5500 mAh,6.78 inch,"₹39,000",4.0
Tecno Phantom X2,Stardust Grey,256 GB,64MP Rear Camera,5160 mAh,6.8 inch,"₹37,999",4.1
Samsung Galaxy S21 FE 5G,Graphite,128 GB,12MP + 12MP + 8MP (OIS) | 32MP Front Camera,4500 mAh Lithium-ion,6.4 inch,"₹39,999",4.3
Samsung Galaxy S21 FE 5G,Lavender,128 GB,12MP + 12MP + 8MP (OIS) | 32MP Front Camera,4500 mAh Lithium-ion,6.4 inch,"₹39,999",4.5
OPPO K13x 5G 6000mAh and 45W SUPERVOOC Charger & AI,Midnight Violet,128 GB,50MP + 2MP | 8MP Front Camera,6000 mAh,6.67 inch,"₹11,999",4.4
Samsung Galaxy S21 FE 5G,Lavender,128 GB,12MP + 12MP + 8MP (OIS) | 32MP Front Camera,4500 mAh Lithium-ion,6.4 inch,"₹39,999",4.1
Xiaomi 12 Pro 5G,Opera Mauve,256 GB,50MP + 50MP + 50MP | 32MP Front Camera,4600 mAh Lithium Polymer,6.73 inch,"₹38,999",4.1
Tecno Camon 30 Premier 5G,Lava Black,512 GB,50MP + 50MP + 50MP | 50MP Front Camera,5000 mAh,6.67 inch,"₹39,999",4.1
Tecno Camon 30 Premier 5G,Snowy Silver,512 GB,50MP + 50MP + 50MP | 50MP Front Camera,5000 mAh,6.67 inch,"₹39,999",4.5
MOTOROLA Edge 60 Fusion 5G,PANTONE Amazonite,256 GB,50MP + 13MP | 32MP Front Camera,5500 mAh,6.67 inch,"₹22,999",4.4
MOTOROLA G96 5G,Pantone Ashleigh Blue,256 GB,50MP + 8MP | 32MP Front Camera,5500 mAh,6.67 inch,"₹19,999",4.3
MOTOROLA G96 5G,Pantone Cattleya Orchid,256 GB,50MP + 8MP | 32MP Front Camera,5500 mAh,6.67 inch,"₹19,999",4.4
MOTOROLA G96 5G,Pantone Ashleigh Blue,128 GB,50MP + 8MP | 32MP Front Camera,5500 mAh,6.67 inch,"₹17,999",4.2
Honor 90 5G,Green,512 GB,200MP Rear Camera,5000 mAh,6.7 inch,"₹37,999",4.3
Samsung Galaxy S21 FE 5G,Graphite,128 GB,12MP + 12MP + 8MP (OIS) | 32MP Front Camera,4500 mAh Lithium-ion,6.4 inch,"₹39,999",4.5
Samsung A36 5G,White,256 GB,50MP + 8MP | 2MP Dual Front Camera,5000 mAh,6.7 inch,"₹35,989",4.4
MOTOROLA G96 5G,Pantone Greener Pastures,128 GB,50MP + 8MP | 32MP Front Camera,5500 mAh,6.67 inch,"₹17,999",4.3
MOTOROLA G96 5G,Pantone Greener Pastures,256 GB,50MP + 8MP | 32MP Front Camera,5500 mAh,6.67 inch,"₹19,999",4.2
Samsung Galaxy A54 5G,Awesome White,256 GB,50MP + 12MP + 5MP | 32MP Front Camera,5000 mAh,6.4 inch,"₹37,499",4.4
MOTOROLA G96 5G,Pantone Dresden Blue,256 GB,50MP + 8MP | 32MP Front Camera,5500 mAh,6.67 inch,"₹19,999",4.2
MOTOROLA Edge 60 Fusion 5G,PANTONE Zephyr,256 GB,50MP + 13MP | 32MP Front Camera,5500 mAh,6.67 inch,"₹24,999",4.3
OnePlus 10R,Forest Green,256 GB,50MP Rear Camera,5000 mAh,6.7 inch,"₹39,999",4.5
OnePlus 10R,Sierra Black,128 GB,50MP Rear Camera | 16MP Front Camera,5000 mAh,6.7 inch,"₹38,999",5.0
Motorola g45 5G,Brilliant Blue,128 GB,50MP + 2MP | 16MP Front Camera,5000 mAh,6.5 inch,"₹11,999",4.3
Motorola G85 5G,Urban Grey,128 GB,50MP + 8MP | 32MP Front Camera,5000 mAh,6.67 inch,"₹15,999",4.4
OPPO K13x 5G 6000mAh and 45W SUPERVOOC Charger & AI,Midnight Violet,128 GB,50MP + 2MP | 8MP Front Camera,6000 mAh,6.67 inch,"₹11,999",4.3
Motorola g45 5G,Brilliant Green,128 GB,50MP + 2MP | 16MP Front Camera,5000 mAh,6.5 inch,"₹11,999",4.5
OPPO K13 5G with 7000mAh and 80W SUPERVOOC Charger In-The-Box,Icy Purple,128 GB,50MP + 2MP | 16MP Front Camera,7000 mAh,6.67 inch,"₹17,999",4.5
MOTOROLA Edge 60 Fusion 5G,PANTONE Amazonite,256 GB,50MP + 13MP | 32MP Front Camera,5500 mAh,6.67 inch,"₹22,999",4.4
MOTOROLA G96 5G,Pantone Ashleigh Blue,256 GB,50MP + 8MP | 32MP Front Camera,5500 mAh,6.67 inch,"₹19,999",4.5
OPPO K13 5G with 7000mAh and 80W SUPERVOOC Charger In-The-Box,Icy Purple,256 GB,50MP + 2MP | 16MP Front Camera,7000 mAh,6.67 inch,"₹19,999",4.5
OPPO K13 5G with 7000mAh and 80W SUPERVOOC Charger In-The-Box,Prism Black,128 GB,50MP + 2MP | 16MP Front Camera,7000 mAh,6.67 inch,"₹17,999",4.5
OPPO K13 5G with 7000mAh and 80W SUPERVOOC Charger In-The-Box,Prism Black,256 GB,50MP + 2MP | 16MP Front Camera,7000 mAh,6.67 inch,"₹19,999",4.4
Motorola G85 5G,Olive Green,128 GB,50MP + 8MP | 32MP Front Camera,5000 mAh,6.67 inch,"₹15,999",4.4
MOTOROLA G96 5G,Pantone Greener Pastures,128 GB,50MP + 8MP | 32MP Front Camera,5500 mAh,6.67 inch,"₹17,999",4.4
MOTOROLA G96 5G,Pantone Cattleya Orchid,256 GB,50MP + 8MP | 32MP Front Camera,5500 mAh,6.67 inch,"₹19,999",4.2
MOTOROLA g05,Forest Green,64 GB,50MP Rear Camera | 8MP Front Camera,5100 mAh,6.67 inch,"₹6,999",4.3
Motorola g45 5G,Pantone Moss,128 GB,50MP + 2MP | 16MP Front Camera,5000 mAh,6.5 inch,"₹11,999",4.4
MOTOROLA G96 5G,Pantone Ashleigh Blue,128 GB,50MP + 8MP | 32MP Front Camera,5500 mAh,6.67 inch,"₹17,999",4.4
MOTOROLA G96 5G,Pantone Greener Pastures,256 GB,50MP + 8MP | 32MP Front Camera,5500 mAh,6.67 inch,"₹19,999",4.2
MOTOROLA g35 5G,Leaf Green,128 GB,50MP + 8MP | 16MP Front Camera,5000 mAh,6.72 inch,"₹8,999",4.6
Motorola G85 5G,Viva Magenta,128 GB,50MP + 8MP | 32MP Front Camera,5000 mAh,6.67 inch,"₹15,999",4.3
Samsung M05,Mint Green,64 GB,50MP Rear Camera,5000 mAh,6.7 inch,"₹6,668",4.5
MOTOROLA Edge 60 Fusion 5G,PANTONE Amazonite,256 GB,50MP + 13MP | 32MP Front Camera,5500 mAh,6.67 inch,"₹24,999",4.5
MOTOROLA Edge 60 Fusion 5G,PANTONE Zephyr,256 GB,50MP + 13MP | 32MP Front Camera,5500 mAh,6.67 inch,"₹24,999",4.5
vivo T4x 5G,Marine Blue,256 GB,50MP + 2MP | 8MP Front Camera,6500 mAh,6.72 inch,"₹16,999",4.4
MOTOROLA g35 5G,Guava Red,128 GB,50MP + 8MP | 16MP Front Camera,5000 mAh,6.72 inch,"₹8,999",4.2
OPPO K13x 5G 6000mAh and 45W SUPERVOOC Charger & AI,Midnight Violet,128 GB,50MP + 2MP | 8MP Front Camera,6000 mAh,6.67 inch,"₹11,999",4.4
vivo T4x 5G,Marine Blue,128 GB,50MP + 2MP | 8MP Front Camera,6500 mAh,6.72 inch,"₹14,999",4.3
vivo T4 Lite 5G Charger in the Box,Titanium Gold,256 GB,50MP + 2MP | 5MP Front Camera,6000 mAh,6.74 inch,"₹12,999",4.0
vivo T4 Lite 5G Charger in the Box,Titanium Gold,128 GB,50MP + 2MP | 5MP Front Camera,6000 mAh,6.74 inch,"₹9,999",4.5
MOTOROLA Edge 60 Fusion 5G,PANTONE Amazonite,256 GB,50MP + 13MP | 32MP Front Camera,5500 mAh,6.67 inch,"₹22,999",4.4
MOTOROLA G96 5G,Pantone Ashleigh Blue,256 GB,50MP + 8MP | 32MP Front Camera,5500 mAh,6.67 inch,"₹19,999",4.4
vivo T4 Lite 5G Charger in the Box,Prism Blue,128 GB,50MP + 2MP | 5MP Front Camera,6000 mAh,6.74 inch,"₹9,999",4.4
vivo T4 Lite 5G Charger in the Box,Prism Blue,128 GB,50MP + 2MP | 5MP Front Camera,6000 mAh,6.74 inch,"₹10,999",4.4
MOTOROLA G96 5G,Pantone Ashleigh Blue,128 GB,50MP + 8MP | 32MP Front Camera,5500 mAh,6.67 inch,"₹17,999",4.4
MOTOROLA G96 5G,Pantone Cattleya Orchid,256 GB,50MP + 8MP | 32MP Front Camera,5500 mAh,6.67 inch,"₹19,999",4.4
vivo T4 Lite 5G Charger in the Box,Titanium Gold,128 GB,50MP + 2MP | 5MP Front Camera,6000 mAh,6.74 inch,"₹10,999",4.4
MOTOROLA G96 5G,Pantone Cattleya Orchid,128 GB,50MP + 8MP | 32MP Front Camera,5500 mAh,6.67 inch,"₹17,999",3.9
POCO C75 5G,Aqua Bliss,128 GB,50MP Rear Camera | 5MP Front Camera,5160 mAh,6.88 inch,"₹8,299",4.5
MOTOROLA Edge 60 Fusion 5G,PANTONE Zephyr,256 GB,50MP + 13MP | 32MP Front Camera,5500 mAh,6.67 inch,"₹24,999",4.4
MOTOROLA G96 5G,Pantone Greener Pastures,128 GB,50MP + 8MP | 32MP Front Camera,5500 mAh,6.67 inch,"₹17,999",4.5
realme GT 6,Fluid Silver,512 GB,50MP + 8MP + 50MP | 32MP Front Camera,5500 mAh,6.78 inch,"₹32,999",4.3
Xiaomi 14 CIVI,Shadow Black,512 GB,50MP Rear Camera | 32MP + 32MP Dual Front Camera,4700 mAh,6.55 inch,"₹38,999",4.5
MOTOROLA Edge 60 Fusion 5G,PANTONE Amazonite,256 GB,50MP + 13MP | 32MP Front Camera,5500 mAh,6.67 inch,"₹24,999",4.4
MOTOROLA G96 5G,Pantone Greener Pastures,256 GB,50MP + 8MP | 32MP Front Camera,5500 mAh,6.67 inch,"₹19,999",4.5
realme GT 6,Razor Green,256 GB,50MP + 8MP + 50MP | 32MP Front Camera,5500 mAh,6.78 inch,"₹28,999",4.5
Google Pixel 10,Frost,256 GB,48MP + 13MP + 10.8MP | 10.5MP Front Camera,4970 mAh,6.3 inch,"₹79,999",4.6
Google Pixel 10,Indigo,256 GB,48MP + 13MP + 10.8MP | 10.5MP Front Camera,4970 mAh,6.3 inch,"₹79,999",4.6
Google Pixel 7a,Coral,128 GB,64MP (OIS) + 13MP | 13MP Front Camera,4300 mAh,6.1 inch,"₹27,999",4.2
OPPO K13x 5G 6000mAh and 45W SUPERVOOC Charger & AI,Midnight Violet,128 GB,50MP + 2MP | 8MP Front Camera,6000 mAh,6.67 inch,"₹11,999",4.4
Samsung Galaxy S23 Plus 5G,Cream,512 GB,50MP + 10MP + 12MP | 12MP Front Camera,4700 mAh Lithium Ion,6.6 inch,"₹59,999",4.2
Samsung Galaxy Z Flip3 5G,Cream,128 GB,12MP + 12MP | 10MP Front Camera,3300 mAh Lithium-ion,6.7 inch,"₹56,666",4.5
MOTOROLA Edge 60 Fusion 5G,PANTONE Amazonite,256 GB,50MP + 13MP | 32MP Front Camera,5500 mAh,6.67 inch,"₹22,999",4.4
MOTOROLA G96 5G,Pantone Ashleigh Blue,256 GB,50MP + 8MP | 32MP Front Camera,5500 mAh,6.67 inch,"₹19,999",4.6
realme GT 7 Pro,Galaxy Grey,512 GB,50MP Rear Camera,5800 mAh,6.78 inch,"₹53,999",4.5
Xiaomi 14 Ultra,White,512 GB,50MP + 50MP + 50MP + 50MP | 32MP Front Camera,5000 mAh,6.73 inch,"₹99,999",4.6
OnePlus Open,Emerald Dusk,512 GB,64MP Rear Camera,4805 mAh,7.82 inch,"₹1,25,000",4.5
MOTOROLA Razr 50,Koala Grey,256 GB,50MP Rear Camera,4200 mAh,6.9 inch,"₹43,999",4.5
MOTOROLA Edge 60 Fusion 5G,PANTONE Zephyr,256 GB,50MP + 13MP | 32MP Front Camera,5500 mAh,6.67 inch,"₹24,999",4.4
MOTOROLA G96 5G,Pantone Greener Pastures,128 GB,50MP + 8MP | 32MP Front Camera,5500 mAh,6.67 inch,"₹17,999",4.5
realme GT 6,Fluid Silver,256 GB,50MP + 8MP + 50MP | 32MP Front Camera,5500 mAh,6.78 inch,"₹27,999",4.5
Xiaomi 14,Black,512 GB,50MP + 50MP + 50MP | 32MP Front Camera,4610 mAh,6.36 inch,"₹59,990",4.4
MOTOROLA G96 5G,Pantone Cattleya Orchid,256 GB,50MP + 8MP | 32MP Front Camera,5500 mAh,6.67 inch,"₹19,999",4.4
MOTOROLA G96 5G,Pantone Ashleigh Blue,128 GB,50MP + 8MP | 32MP Front Camera,5500 mAh,6.67 inch,"₹17,999",4.6
OnePlus Open,Voyager Black,512 GB,64MP Rear Camera,4805 mAh,7.82 inch,"₹1,25,000",4.9
Google Pixel 10 Pro XL,Moonstone,256 GB,48MP + 48MP + 48MP | 42MP Front Camera,5200 mAh,6.8 inch,"₹1,24,999",4.7
vivo X200 5G,Cosmos Black,512 GB,50MP + 50MP + 50MP | 32MP Front Camera,5800 mAh,6.67 inch,"₹71,999",4.4
Motorola Edge 50 Pro 5G with 125W Charger,Luxe Lavender,256 GB,50MP + 13MP + 10MP | 50MP Front Camera,4500 mAh,6.7 inch,"₹27,999",4.5
OPPO K13x 5G 6000mAh and 45W SUPERVOOC Charger & AI,Midnight Violet,128 GB,50MP + 2MP | 8MP Front Camera,6000 mAh,6.67 inch,"₹11,999",4.4
Samsung Galaxy S23 5G,Cream,128 GB,50MP + 10MP + 12MP | 12MP Front Camera,3900 mAh Lithium Ion,6.1 inch,"₹47,999",4.6
Samsung Galaxy S25 5G,Navy,512 GB,50MP + 10MP + 12MP | 12MP Front Camera,4000 mAh,6.2 inch,"₹86,999",4.5
MOTOROLA Edge 60 Fusion 5G,PANTONE Amazonite,256 GB,50MP + 13MP | 32MP Front Camera,5500 mAh,6.67 inch,"₹22,999",4.4
MOTOROLA G96 5G,Pantone Ashleigh Blue,256 GB,50MP + 8MP | 32MP Front Camera,5500 mAh,6.67 inch,"₹19,999",4.6
Google Pixel 9 Pro XL,Obsidian,256 GB,50MP + 48MP + 48MP | 42MP Front Camera,5060 mAh,6.8 inch,"₹1,04,999",4.5
vivo T4R 5G,Arctic White,256 GB,50MP (OIS) + 2MP | 32MP Front Camera,5700 mAh,6.77 inch,"₹23,499",4.2
OnePlus 10 Pro 5G,Volcanic Black,128 GB,48MP Rear Camera | 32MP Front Camera,5000 mAh,6.7 inch,"₹29,999",4.5
OnePlus Nord 4 5G,Obsidian Midnight,256 GB,50MP Rear Camera,5500 mAh,6.74 inch,"₹29,321",4.4
MOTOROLA G96 5G,Pantone Ashleigh Blue,128 GB,50MP + 8MP | 32MP Front Camera,5500 mAh,6.67 inch,"₹17,999",4.4
MOTOROLA G96 5G,Pantone Cattleya Orchid,256 GB,50MP + 8MP | 32MP Front Camera,5500 mAh,6.67 inch,"₹19,999",4.5
vivo T4R 5G,Twilight Blue,256 GB,50MP (OIS) + 2MP | 32MP Front Camera,5700 mAh,6.77 inch,"₹23,499",4.5
vivo V50 5G Elite Edition,Rose Red,512 GB,50MP + 50MP | 50MP Front Camera,6000 mAh,6.77 inch,"₹39,999",4.5
MOTOROLA Edge 60 Fusion 5G,PANTONE Zephyr,256 GB,50MP + 13MP | 32MP Front Camera,5500 mAh,6.67 inch,"₹24,999",4.4
MOTOROLA G96 5G,Pantone Greener Pastures,128 GB,50MP + 8MP | 32MP Front Camera,5500 mAh,6.67 inch,"₹17,999",4.6
Samsung Galaxy S25 5G,Navy,256 GB,50MP + 10MP + 12MP | 12MP Front Camera,4000 mAh,6.2 inch,"₹74,999",4.2
OnePlus 8T 5G,Aquamarine Green,128 GB,48MP Rear Camera,4500 mAh,6.55 inch,"₹23,999",4.5
OPPO Reno10 Pro+ 5G,Silvery Grey,256 GB,50MP + 64MP + 8MP | 32MP Front Camera,4700 mAh,6.74 inch,"₹54,999",4.5
MOTOROLA Edge 60 Fusion 5G,PANTONE Amazonite,256 GB,50MP + 13MP | 32MP Front Camera,5500 mAh,6.67 inch,"₹24,999",4.4
MOTOROLA G96 5G,Pantone Greener Pastures,256 GB,50MP + 8MP | 32MP Front Camera,5500 mAh,6.67 inch,"₹19,999",4.6
Samsung Galaxy S24 5G Snapdragon,Cobalt Violet,256 GB,50MP + 12MP | 12MP Front Camera,4000 mAh,6.2 inch,"₹70,999",4.6
OPPO K13x 5G 6000mAh and 45W SUPERVOOC Charger & AI,Midnight Violet,128 GB,50MP + 2MP | 8MP Front Camera,6000 mAh,6.67 inch,"₹11,999",4.4
CMF by Nothing Phone 2 Pro,Black,256 GB,50MP + 50MP + 8MP | 16MP Front Camera,5000 mAh,6.77 inch,"₹17,999",4.6
CMF by Nothing Phone 2 Pro,Light Green,256 GB,50MP + 50MP + 8MP | 16MP Front Camera,5000 mAh,6.77 inch,"₹17,999",3.9
OnePlus 9R 5G,Carbon Black,128 GB,48MP Rear Camera,4500 mAh,6.55 inch,"₹21,999",4.5
MOTOROLA Edge 60 Fusion 5G,PANTONE Amazonite,256 GB,50MP + 13MP | 32MP Front Camera,5500 mAh,6.67 inch,"₹22,999",4.4
MOTOROLA G96 5G,Pantone Ashleigh Blue,256 GB,50MP + 8MP | 32MP Front Camera,5500 mAh,6.67 inch,"₹19,999",4.6
Samsung Galaxy S25 5G,Navy,128 GB,50MP + 10MP + 12MP | 12MP Front Camera,4000 mAh,6.2 inch,"₹74,999",4.6
MOTOROLA G96 5G,Pantone Ashleigh Blue,128 GB,50MP + 8MP | 32MP Front Camera,5500 mAh,6.67 inch,"₹17,999",4.4
MOTOROLA G96 5G,Pantone Cattleya Orchid,256 GB,50MP + 8MP | 32MP Front Camera,5500 mAh,6.67 inch,"₹19,999",4.6
Xiaomi 14,White,512 GB,50MP + 50MP + 50MP | 32MP Front Camera,4610 mAh,6.36 inch,"₹59,990",4.5
OnePlus Nord 4 5G,Oasis Green,256 GB,50MP Rear Camera,5500 mAh,6.74 inch,"₹27,392",3.8
Tecno Phantom V Flip 5G,Iconic Black,256 GB,64MP Rear Camera,4000 mAh,6.9 inch,"₹34,999",4.5
MOTOROLA Edge 60 Fusion 5G,PANTONE Zephyr,256 GB,50MP + 13MP | 32MP Front Camera,5500 mAh,6.67 inch,"₹24,999",4.4
MOTOROLA G96 5G,Pantone Greener Pastures,128 GB,50MP + 8MP | 32MP Front Camera,5500 mAh,6.67 inch,"₹17,999",4.6
MOTOROLA Edge 60 Fusion 5G,PANTONE Amazonite,256 GB,50MP + 13MP | 32MP Front Camera,5500 mAh,6.67 inch,"₹24,999",4.4
MOTOROLA G96 5G,Pantone Greener Pastures,256 GB,50MP + 8MP | 32MP Front Camera,5500 mAh,6.67 inch,"₹19,999",4.3
OnePlus 6T,Thunder Purple,128 GB,16MP + 16MP + 20MP | 16MP Front Camera,3800 mAh,6.55 inch,"₹41,700",4.3
OnePlus 10R 5G,Forest Green,256 GB,50MP Rear Camera,5000 mAh,6.7 inch,"₹28,999",4.5
vivo V27 Pro 5G,Noble Black,256 GB,50MP (OIS) + 8MP + 2MP | 50MP Front Camera,4600 mAh,6.78 inch,"₹42,999",4.4
Samsung Galaxy Z Flip6 5G,Blue,512 GB,50MP + 12MP | 10MP Front Camera,4000 mAh Lithium ion,6.7 inch,"₹11,999",4.4
OPPO K13x 5G 6000mAh and 45W SUPERVOOC Charger & AI,Midnight Violet,128 GB,50MP + 2MP | 8MP Front Camera,6000 mAh,6.67 inch,₹277,4.4
OnePlus 8 Pro,Glacial Green,256 GB,48MP + 8MP + 5MP | 16MP Front Camera,4510 mAh,6.78 inch,"₹22,999",4.5
MOTOROLA Edge 60 Fusion 5G,PANTONE Amazonite,256 GB,50MP + 13MP | 32MP Front Camera,5500 mAh,6.67 inch,"₹19,999",4.4
MOTOROLA G96 5G,Pantone Ashleigh Blue,256 GB,50MP + 8MP | 32MP Front Camera,5500 mAh,6.67 inch,"₹42,999",3.8
OnePlus 9 Pro 5G,Morning Mist,256 GB,48MP Rear Camera,4500 mAh,6.7 inch,"₹28,999",4.3
REDMI Note 14 Pro+ 5G,Phantom Purple,256 GB,50MP + 50MP + 8MP | 20MP Front Camera,6200 mAh,6.67 inch,"₹82,990",4.6
CMF by Nothing Phone 2 Pro,Light Green,128 GB,50MP + 50MP + 8MP | 16MP Front Camera,5000 mAh,6.77 inch,"₹19,999",4.4
MOTOROLA G96 5G,Pantone Cattleya Orchid,256 GB,50MP + 8MP | 32MP Front Camera,5500 mAh,6.67 inch,"₹17,999",4.4
MOTOROLA G96 5G,Pantone Ashleigh Blue,128 GB,50MP + 8MP | 32MP Front Camera,5500 mAh,6.67 inch,"₹15,999",4.4
CMF by Nothing Phone 2 Pro,Black,128 GB,50MP + 50MP + 8MP | 16MP Front Camera,5000 mAh,6.77 inch,"₹1,39,900",4.4
MOTOROLA G96 5G,Pantone Greener Pastures,128 GB,50MP + 8MP | 32MP Front Camera,5500 mAh,6.67 inch,"₹19,999",4.4
MOTOROLA G96 5G,Pantone Greener Pastures,256 GB,50MP + 8MP | 32MP Front Camera,5500 mAh,6.67 inch,"₹74,649",4.6
Samsung Galaxy Z Flip5,Yellow,512 MB,12MP + 12MP | 10MP Front Camera,3700 mAh,6.7 inch,"₹69,900",4.6
vivo Y39 5G,Lotus Purple,256 GB,50MP + 2MP | 8MP Front Camera,6500 mAh,6.68 inch,"₹19,999",4.5
MOTOROLA G96 5G,Pantone Dresden Blue,256 GB,50MP + 8MP | 32MP Front Camera,5500 mAh,6.67 inch,"₹24,999",4.5
MOTOROLA Edge 60 Fusion 5G,PANTONE Zephyr,256 GB,50MP + 13MP | 32MP Front Camera,5500 mAh,6.67 inch,"₹22,999",4.0
Samsung Galaxy Z Flip7 5G,Coralred,256 GB,50MP + 12MP | 10MP Front Camera,4300 mAh,6.9 inch,"₹1,09,999",4.3
Samsung Galaxy Z Flip7 FE 5G,White,256 GB,50MP + 12MP | 10MP Front Camera,4000 mAh,6.7 inch,"₹95,999",4.0
OPPO K13x 5G 6000mAh and 45W SUPERVOOC Charger & AI,Midnight Violet,128 GB,50MP + 2MP | 8MP Front Camera,6000 mAh,6.67 inch,"₹11,999",4.4
MOTOROLA Edge 60 Fusion 5G,PANTONE Amazonite,256 GB,50MP + 13MP | 32MP Front Camera,5500 mAh,6.67 inch,"₹22,999",4.5
OPPO F29 5G,Solid Purple,256 GB,50MP + 2MP | 16MP Front Camera,6500 mAh,6.7 inch,"₹23,999",4.3
MOTOROLA G96 5G,Pantone Ashleigh Blue,256 GB,50MP + 8MP | 32MP Front Camera,5500 mAh,6.67 inch,"₹19,999",4.4
MOTOROLA G96 5G,Pantone Dresden Blue,128 GB,50MP + 8MP | 32MP Front Camera,5500 mAh,6.67 inch,"₹17,999",4.4
vivo X50,Glaze Black,256 GB,48MP + 13MP + 8MP + 5MP | 32MP Front Camera,4200 mAh Lithium-ion,6.56 inch,"₹44,990",4.3
OnePlus 9R 5G,Carbon Black,128 GB,48MP Rear Camera,4500 mAh,6.55 inch,"₹21,999",3.9
MOTOROLA G96 5G,Pantone Greener Pastures,128 GB,50MP + 8MP | 32MP Front Camera,5500 mAh,6.67 inch,"₹17,999",4.4
MOTOROLA G96 5G,Pantone Cattleya Orchid,256 GB,50MP + 8MP | 32MP Front Camera,5500 mAh,6.67 inch,"₹19,999",4.4
Samsung Galaxy Z Flip5,Lavender,256 GB,12MP + 12MP | 10MP Front Camera,3700 mAh,6.7 inch,"₹57,064",4.4
realme 14 Pro+ 5G,Bikaner Purple,256 GB,50MP + 50MP + 8MP | 32MP Front Camera,6000 mAh,6.83 inch,"₹31,999",4.4
MOTOROLA G96 5G,Pantone Ashleigh Blue,128 GB,50MP + 8MP | 32MP Front Camera,5500 mAh,6.67 inch,"₹17,999",4.4
MOTOROLA G96 5G,Pantone Greener Pastures,256 GB,50MP + 8MP | 32MP Front Camera,5500 mAh,6.67 inch,"₹19,999",4.4
Samsung Galaxy S24 5G Snapdragon,Onyx Black,128 GB,50MP + 12MP | 12MP Front Camera,4000 mAh,6.2 inch,"₹64,999",4.6
Samsung Galaxy Z Flip7 FE 5G,White,128 GB,50MP + 12MP | 10MP Front Camera,4000 mAh,6.7 inch,"₹89,999",4.0
MOTOROLA Edge 60 Fusion 5G,PANTONE Amazonite,256 GB,50MP + 13MP | 32MP Front Camera,5500 mAh,6.67 inch,"₹24,999",4.5
MOTOROLA G96 5G,Pantone Dresden Blue,256 GB,50MP + 8MP | 32MP Front Camera,5500 mAh,6.67 inch,"₹19,999",4.4
Motorola Edge 30 Ultra,Starlight White,256 GB,200MP + 50MP + 12MP | 60MP Front Camera,4610 mAh Lithium,6.67 inch,"₹39,999",4.2
vivo V27 Pro 5G,Magic Blue,128 GB,50MP (OIS) + 8MP + 2MP | 50MP Front Camera,4600 mAh,6.78 inch,"₹30,999",4.4
MOTOROLA motoedge50pro,Black,256 GB,50MP Rear Camera,4500 mAh,6.7 inch,"₹32,999",4.4
OPPO K13x 5G 6000mAh and 45W SUPERVOOC Charger & AI,Midnight Violet,128 GB,50MP + 2MP | 8MP Front Camera,6000 mAh,6.67 inch,"₹11,999",4.2
vivo X50,Frost Blue,256 GB,48MP + 13MP + 8MP + 5MP | 32MP Front Camera,4200 mAh Lithium-ion,6.56 inch,"₹34,990",4.5
Samsung Galaxy S20 FE 5G,Cloud Navy,128 GB,12MP Rear Camera,4500 mAh,6.5 inch,"₹65,999",4.4
MOTOROLA Edge 60 Fusion 5G,PANTONE Amazonite,256 GB,50MP + 13MP | 32MP Front Camera,5500 mAh,6.67 inch,"₹22,999",4.6
MOTOROLA G96 5G,Pantone Ashleigh Blue,256 GB,50MP + 8MP | 32MP Front Camera,5500 mAh,6.67 inch,"₹19,999",4.1
Samsung Galaxy F06 5G,Lit Violet,128 GB,50MP + 2MP | 8MP Front Camera,5000 mAh,6.7 inch,"₹7,999",4.0
OPPO F29 5G,Glacier Blue,256 GB,50MP + 2MP | 16MP Front Camera,6500 mAh,6.7 inch,"₹23,999",4.4
OnePlus 9 Pro 5G,Stellar Black,128 GB,48MP Rear Camera,4500 mAh,6.7 inch,"₹42,999",4.4
MOTOROLA G96 5G,Pantone Greener Pastures,128 GB,50MP + 8MP | 32MP Front Camera,5500 mAh,6.67 inch,"₹17,999",4.4
MOTOROLA G96 5G,Pantone Cattleya Orchid,256 GB,50MP + 8MP | 32MP Front Camera,5500 mAh,6.67 inch,"₹19,999",4.3
realme P2 Pro 5G,Parrot Green,512 GB,50MP + 8MP | 32MP Front Camera,5200 mAh,6.7 inch,"₹23,999",4.4
realme 14T 5G,Lightning Purple,256 GB,50MP + 2MP | 16MP Front Camera,6000 mAh,6.67 inch,"₹19,999",4.4
MOTOROLA G96 5G,Pantone Ashleigh Blue,128 GB,50MP + 8MP | 32MP Front Camera,5500 mAh,6.67 inch,"₹17,999",4.1
MOTOROLA G96 5G,Pantone Greener Pastures,256 GB,50MP + 8MP | 32MP Front Camera,5500 mAh,6.67 inch,"₹19,999",4.6
Samsung Galaxy A53,Awesome Blue,256 GB,64MP + 12MP + 5MP + 5MP | 32MP Front Camera,5000 mAh Lithium Ion,6.5 inch,"₹29,999",4.3
REDMI Note 14 Pro+ 5G,Spectre Blue,256 GB,50MP + 50MP + 8MP | 20MP Front Camera,6200 mAh,6.67 inch,"₹28,999",4.5
Samsung Galaxy S21 Plus,Phantom Silver,128 GB,64MP + 12MP + 12MP | 10MP Front Camera,4800 mAh Lithium-ion,6.7 inch,"₹63,999",5.0
OPPO K13x 5G 6000mAh and 45W SUPERVOOC Charger & AI,Midnight Violet,128 GB,50MP + 2MP | 8MP Front Camera,6000 mAh,6.67 inch,"₹11,999",4.4
MOTOROLA Edge 60 Fusion 5G,PANTONE Amazonite,256 GB,50MP + 13MP | 32MP Front Camera,5500 mAh,6.67 inch,"₹22,999",4.5
REDMI Note 14 Pro 5G,Titan Black,256 GB,50MP + 8MP + 2MP | 20MP Front Camera,5500 mAh,6.67 inch,"₹23,999",4.3
realme 14 Pro+ 5G,Bikaner Purple,256 GB,50MP + 50MP + 8MP | 32MP Front Camera,6000 mAh,6.83 inch,"₹31,999",4.4
MOTOROLA G96 5G,Pantone Ashleigh Blue,256 GB,50MP + 8MP | 32MP Front Camera,5500 mAh,6.67 inch,"₹19,999",4.4
MOTOROLA G96 5G,Pantone Dresden Blue,128 GB,50MP + 8MP | 32MP Front Camera,5500 mAh,6.67 inch,"₹17,999",4.4
Samsung Galaxy A06 5G,Light Gray,64 GB,50MP + 50MP | 8MP + 2MP Dual Front Camera,5000 mAh,6.7 inch,"₹9,798",4.0
vivo V27 5G,Magic Blue,128 GB,50MP (OIS) + 8MP + 2MP | 50MP Front Camera,4600 mAh,6.78 Inch,"₹30,999",4.4
realme 14 Pro+ 5G,Suede Grey,128 GB,50MP + 50MP + 8MP | 32MP Front Camera,6000 mAh,6.83 inch,"₹29,999",4.4
MOTOROLA G96 5G,Pantone Cattleya Orchid,256 GB,50MP + 8MP | 32MP Front Camera,5500 mAh,6.67 inch,"₹19,999",4.4
MOTOROLA G96 5G,Pantone Ashleigh Blue,128 GB,50MP + 8MP | 32MP Front Camera,5500 mAh,6.67 inch,"₹17,999",4.4
vivo T4R 5G,Twilight Blue,256 GB,50MP (OIS) + 2MP | 32MP Front Camera,5700 mAh,6.77 inch,"₹21,499",4.5
MOTOROLA G96 5G,Pantone Greener Pastures,128 GB,50MP + 8MP | 32MP Front Camera,5500 mAh,6.67 inch,"₹17,999",4.4
MOTOROLA G96 5G,Pantone Greener Pastures,256 GB,50MP + 8MP | 32MP Front Camera,5500 mAh,6.67 inch,"₹19,999",4.4
vivo V27 Pro 5G,Noble Black,128 GB,50MP (OIS) + 8MP + 2MP | 50MP Front Camera,4600 mAh,6.78 inch,"₹35,000",4.4
MOTOROLA G96 5G,Pantone Dresden Blue,256 GB,50MP + 8MP | 32MP Front Camera,5500 mAh,6.67 inch,"₹19,999",4.4
MOTOROLA Edge 60 Fusion 5G,PANTONE Amazonite,256 GB,50MP + 13MP | 32MP Front Camera,5500 mAh,6.67 inch,"₹24,999",4.5
MOTOROLA Edge 60 Pro,Pantone Shadow,256 GB,50MP + 50MP + 10MP | 50MP Front Camera,6000 mAh,6.7 inch,"₹33,999",4.3
OPPO K13x 5G 6000mAh and 45W SUPERVOOC Charger & AI,Midnight Violet,128 GB,50MP + 2MP | 8MP Front Camera,6000 mAh,6.67 inch,"₹11,999",4.5
MOTOROLA Edge 60 Fusion 5G,PANTONE Amazonite,256 GB,50MP + 13MP | 32MP Front Camera,5500 mAh,6.67 inch,"₹22,999",4.6
MOTOROLA G96 5G,Pantone Ashleigh Blue,256 GB,50MP + 8MP | 32MP Front Camera,5500 mAh,6.67 inch,"₹19,999",4.4
MOTOROLA G96 5G,Pantone Greener Pastures,128 GB,50MP + 8MP | 32MP Front Camera,5500 mAh,6.67 inch,"₹17,999",4.6
MOTOROLA G96 5G,Pantone Cattleya Orchid,256 GB,50MP + 8MP | 32MP Front Camera,5500 mAh,6.67 inch,"₹19,999",2.9
MOTOROLA G96 5G,Pantone Ashleigh Blue,128 GB,50MP + 8MP | 32MP Front Camera,5500 mAh,6.67 inch,"₹17,999",4.5
MOTOROLA G96 5G,Pantone Greener Pastures,256 GB,50MP + 8MP | 32MP Front Camera,5500 mAh,6.67 inch,"₹19,999",4.6
MOTOROLA Edge 60 Fusion 5G,PANTONE Amazonite,256 GB,50MP + 13MP | 32MP Front Camera,5500 mAh,6.67 inch,"₹24,999",5.0
MOTOROLA Edge 60 Fusion 5G,PANTONE Zephyr,256 GB,50MP + 13MP | 32MP Front Camera,5500 mAh,6.67 inch,"₹24,999",1.0
OPPO K13x 5G 6000mAh and 45W SUPERVOOC Charger & AI,Midnight Violet,128 GB,50MP + 2MP | 8MP Front Camera,6000 mAh,6.67 inch,"₹11,999",4.4
REDMI Note 14 Pro 5G,Phantom Purple,128 GB,50MP + 8MP + 2MP | 20MP Front Camera,5500 mAh,6.67 inch,"₹21,999",4.5
MOTOROLA Edge 60 Fusion 5G,PANTONE Amazonite,256 GB,50MP + 13MP | 32MP Front Camera,5500 mAh,6.67 inch,"₹22,999",4.4
MOTOROLA G96 5G,Pantone Ashleigh Blue,256 GB,50MP + 8MP | 32MP Front Camera,5500 mAh,6.67 inch,"₹19,999",3.9
Nokia 5.4,Polar Night,64 GB,48MP + 5MP + 2MP + 2MP | 16MP Front Camera,4000 mAh Li-ion,6.39 inch,"₹16,799",4.4
vivo Y39 5G,Lotus Purple,128 GB,50MP + 2MP | 8MP Front Camera,6500 mAh,6.68 inch,"₹16,999",4.3
MOTOROLA Edge 60 Stylus,PANTONE Gibraltar Sea,256 GB,50MP + 13MP | 32MP Front Camera,5000 mAh,6.67 inch,"₹20,999",4.1
Nokia 5,Matte Black,16 GB,13MP Rear Camera | 8MP Front Camera,3000 mAh,5.2 inch,"₹16,199",4.5
MOTOROLA Edge 60 Fusion 5G,PANTONE Zephyr,256 GB,50MP + 13MP | 32MP Front Camera,5500 mAh,6.67 inch,"₹24,999",4.4
MOTOROLA G96 5G,Pantone Greener Pastures,128 GB,50MP + 8MP | 32MP Front Camera,5500 mAh,6.67 inch,"₹17,999",4.0
Samsung Galaxy A06 5G,Light Grey,128 GB,50MP + 2MP | 8MP Front Camera,5000 mAh Li-ion,6.7 inch,"₹10,999",4.6
MOTOROLA G96 5G,Pantone Cattleya Orchid,256 GB,50MP + 8MP | 32MP Front Camera,5500 mAh,6.67 inch,"₹19,999",4.4
MOTOROLA G96 5G,Pantone Ashleigh Blue,128 GB,50MP + 8MP | 32MP Front Camera,5500 mAh,6.67 inch,"₹17,999",4.7
MOTOROLA Edge 60 Fusion 5G,PANTONE Amazonite,256 GB,50MP + 13MP | 32MP Front Camera,5500 mAh,6.67 inch,"₹24,999",5.0
MOTOROLA G96 5G,Pantone Greener Pastures,256 GB,50MP + 8MP | 32MP Front Camera,5500 mAh,6.67 inch,"₹19,999",5.0
LG K42,Gray,64 GB,13MP + 5MP + 2MP + 2MP | 8MP Front Camera,4000 mAh Lithium Polymer,6.6 inch,"₹11,649",4.0
SIAVANTAGE PRO 5,Black,16 GB,5MP Rear Camera,2000 mAh,3 inch,"₹4,399",2.8
OPPO K13x 5G 6000mAh and 45W SUPERVOOC Charger & AI,Midnight Violet,128 GB,50MP + 2MP | 8MP Front Camera,6000 mAh,6.67 inch,"₹11,999",4.4
MOTOROLA Edge 60 Fusion 5G,PANTONE Amazonite,256 GB,50MP + 13MP | 32MP Front Camera,5500 mAh,6.67 inch,"₹22,999",4.5
Samsung M06 5G,Blazing Black,128 GB,50MP Rear Camera,5000 mAh,6.7 inch,"₹10,980",3.9
REDMI Note 13 Pro+ 5G,Fusion Purple,256 GB,200MP (OIS) + 8MP + 2MP | 16MP Front Camera,5000 mAh,6.67 inch,"₹24,999",4.4
MOTOROLA G96 5G,Pantone Ashleigh Blue,256 GB,50MP + 8MP | 32MP Front Camera,5500 mAh,6.67 inch,"₹19,999",4.4
MOTOROLA G96 5G,Pantone Dresden Blue,128 GB,50MP + 8MP | 32MP Front Camera,5500 mAh,6.67 inch,"₹17,999",4.5
Samsung Galaxy Z Fold5,Icy Blue,512 GB,50MP + 12MP + 10MP,4400 mAh,6.2 inch,"₹1,69,999",4.1
Samsung Galaxy F36 5G,Red,128 GB,50MP + 8MP + 2MP | 13MP Front Camera,5000 mAh,6.7 inch,"₹18,999",4.4
MOTOROLA G96 5G,Pantone Greener Pastures,128 GB,50MP + 8MP | 32MP Front Camera,5500 mAh,6.67 inch,"₹17,999",4.4
MOTOROLA G96 5G,Pantone Cattleya Orchid,256 GB,50MP + 8MP | 32MP Front Camera,5500 mAh,6.67 inch,"₹19,999",4.2
Samsung Galaxy M55 5G,Danim Black,256 GB,50MP Rear Camera,5000 mAh,6.7 inch,"₹26,800",4.5
Samsung Galaxy Z Fold7 5G,Blue Shadow,512 GB,200MP + 12MP + 10MP | 10MP Front Camera,4400 mAh,8 inch,"₹1,86,999",4.0
LG K42,Green,64 GB,13MP + 5MP + 2MP + 2MP | 8MP Front Camera,4000 mAh Lithium Polymer,6.6 inch,"₹14,000",4.4
MOTOROLA G96 5G,Pantone Ashleigh Blue,128 GB,50MP + 8MP | 32MP Front Camera,5500 mAh,6.67 inch,"₹17,999",4.4
MOTOROLA G96 5G,Pantone Greener Pastures,256 GB,50MP + 8MP | 32MP Front Camera,5500 mAh,6.67 inch,"₹19,999",4.3
REDMI Note 14 Pro 5G,Ivyy Green,128 GB,50MP Rear Camera,5500 mAh,6.67 inch,"₹20,999",4.7
MOTOROLA Edge 60 Fusion 5G,PANTONE Amazonite,256 GB,50MP + 13MP | 32MP Front Camera,5500 mAh,6.67 inch,"₹24,999",4.4
MOTOROLA G96 5G,Pantone Dresden Blue,256 GB,50MP + 8MP | 32MP Front Camera,5500 mAh,6.67 inch,"₹19,999",4.5
Nokia C20 Plus Smartphone,Dark Grey,32 GB,8MP + 2MP | 5MP Front Camera,up to 2-days battery life with a 5000 mAh battery,6.5 inch,"₹10,499",3.9
Nokia C20 Plus Smartphone,Dark Grey,32 GB,8MP + 2MP | 5MP Front Camera,up to 2-days battery life with a 5000 mAh battery,6.5 inch,"₹8,899",3.3
Samsung Galaxy Z Fold4 5G,Beige,256 GB,50MP + 12MP + 10MP | 10MP Front Camera,4400 mAh Lithium Ion,7.6 inch,"₹94,990",4.4
OPPO K13x 5G 6000mAh and 45W SUPERVOOC Charger & AI,Midnight Violet,128 GB,50MP + 2MP | 8MP Front Camera,6000 mAh,6.67 inch,"₹11,999",4.5
MOTOROLA Edge 60 Fusion 5G,PANTONE Amazonite,256 GB,50MP + 13MP | 32MP Front Camera,5500 mAh,6.67 inch,"₹22,999",4.6
MOTOROLA G96 5G,Pantone Ashleigh Blue,256 GB,50MP + 8MP | 32MP Front Camera,5500 mAh,6.67 inch,"₹19,999",3.8
MOTOROLA G96 5G,Pantone Dresden Blue,128 GB,50MP + 8MP | 32MP Front Camera,5500 mAh,6.67 inch,"₹17,999",4.3
OPPO A79 5G,Glowing Green,128 GB,"Rear Camera: 50MP AI Camera, 2MP Portrait Camera Front Camera: 8MP Selfie Camera | 8MP Front Camera",5000 mAh Lithium Polymer,6.72 inch,"₹17,499",4.4
MOTOROLA G96 5G,Pantone Greener Pastures,128 GB,50MP + 8MP | 32MP Front Camera,5500 mAh,6.67 inch,"₹17,999",4.7
MOTOROLA G96 5G,Pantone Cattleya Orchid,256 GB,50MP + 8MP | 32MP Front Camera,5500 mAh,6.67 inch,"₹19,999",4.4
Samsung Galaxy Z Fold7 5G,Silver Shadow,512 GB,200MP + 12MP + 10MP | 10MP Front Camera,4400 mAh,8 inch,"₹1,86,999",4.4
MOTOROLA G96 5G,Pantone Ashleigh Blue,128 GB,50MP + 8MP | 32MP Front Camera,5500 mAh,6.67 inch,"₹17,999",3.9
MOTOROLA G96 5G,Pantone Greener Pastures,256 GB,50MP + 8MP | 32MP Front Camera,5500 mAh,6.67 inch,"₹19,999",4.7
Nokia C20 Plus Smartphone,Ocean Blue,32 GB,8MP + 2MP | 5MP Front Camera,up to 2-days battery life with a 5000 mAh battery,6.5 inch,"₹11,099",5.0
OPPO K13x 5G 6000mAh and 45W SUPERVOOC Charger & AI,Midnight Violet,128 GB,50MP + 2MP | 8MP Front Camera,6000 mAh,6.67 inch,"₹11,999",4.4
Motorola Edge 30,Aurra Green,128 GB,50MP + 50MP + 2MP | 32MP Front Camera,4020 mAh Lithium,6.55 inch,"₹26,999",4.6
MOTOROLA Edge 60 Fusion 5G,PANTONE Amazonite,256 GB,50MP + 13MP | 32MP Front Camera,5500 mAh,6.67 inch,"₹22,999",4.4
MOTOROLA G96 5G,Pantone Ashleigh Blue,256 GB,50MP + 8MP | 32MP Front Camera,5500 mAh,6.67 inch,"₹19,999",4.7
MOTOROLA G96 5G,Pantone Cattleya Orchid,256 GB,50MP + 8MP | 32MP Front Camera,5500 mAh,6.67 inch,"₹19,999",3.3
MOTOROLA G96 5G,Pantone Ashleigh Blue,128 GB,50MP + 8MP | 32MP Front Camera,5500 mAh,6.67 inch,"₹17,999",4.4
Samsung Galaxy Z Fold4 5G,Graygreen,256 GB,50MP + 12MP + 10MP | 10MP Front Camera,4400 mAh Lithium Ion,7.6 inch,"₹1,77,999",4.4
Acer Super ZX 5G,Carbon Black,,64MP Rear Camera,5000 mAh,6.7 inch,"₹12,299",4.5
MOTOROLA G96 5G,Pantone Greener Pastures,128 GB,50MP + 8MP | 32MP Front Camera,5500 mAh,6.67 inch,"₹17,999",4.5
MOTOROLA G96 5G,Pantone Greener Pastures,256 GB,50MP + 8MP | 32MP Front Camera,5500 mAh,6.67 inch,"₹19,999",4.2
vivo T3 Pro 5G,Emerald Green,128 GB,50MP + 8MP | 16MP Front Camera,5500 mAh,6.77 inch,"₹22,999",4.2
Motorola G34 5G,Ice Blue,128 GB,50MP + 2MP | 16MP Front Camera,5000 mAh,6.5 inch,"₹11,999",4.5
Samsung Galaxy A06,Black,64 GB,50MP + 2MP | 8MP Front Camera,5000 mAh,6.7 inch,"₹7,684",4.5
MOTOROLA G96 5G,Pantone Dresden Blue,256 GB,50MP + 8MP | 32MP Front Camera,5500 mAh,6.67 inch,"₹19,999",3.6
MOTOROLA Edge 60 Fusion 5G,PANTONE Zephyr,256 GB,50MP + 13MP | 32MP Front Camera,5500 mAh,6.67 inch,"₹24,999",4.5
vivo T4x 5G,Marine Blue,128 GB,50MP + 2MP | 8MP Front Camera,6500 mAh,6.72 inch,"₹13,999",4.4
MOTOROLA G96 5G,Pantone Ashleigh Blue,128 GB,50MP + 8MP | 32MP Front Camera,5500 mAh,6.67 inch,"₹17,999",4.4
MOTOROLA g35 5G,Guava Red,128 GB,50MP + 8MP | 16MP Front Camera,5000 mAh,6.72 inch,"₹8,999",4.2
POCO C75 5G,Silver Stardust,64 GB,50MP Rear Camera | 5MP Front Camera,5160 mAh,6.88 inch,"₹7,699",4.2
Samsung Galaxy F06 5G,Lit Violet,128 GB,50MP + 2MP | 8MP Front Camera,5000 mAh,6.7 inch,"₹8,999",4.1
Ai+ Pulse,Pink,64 GB,50MP Rear Camera | 5MP Front Camera,5000 mAh,6.745 inch,"₹4,999",4.2
POCO M7 Pro 5G,Lavender Frost,256 GB,50MP + 2MP | 20MP Front Camera,5110 mAh,6.67 inch,"₹14,499",4.2
REDMI A4 5G only on Jio SIM,Starry Black,128 GB,50MP Rear Camera,5160 mAh,6.88 inch,"₹9,215",4.3
OnePlus Nord CE4 lite 5G,ULTRA ORANGE,128 GB,50MP Rear Camera,5500 mAh,6.67 inch,"₹17,075",4.4
OPPO K13x 5G 6000mAh and 45W SUPERVOOC Charger & AI,Midnight Violet,128 GB,50MP + 2MP | 8MP Front Camera,6000 mAh,6.67 inch,"₹14,999",4.5
POCO C75 5G,Aqua Bliss,128 GB,50MP Rear Camera | 5MP Front Camera,5160 mAh,6.88 inch,"₹8,299",4.2
POCO M7 Pro 5G,Lavender Frost,128 GB,50MP + 2MP | 20MP Front Camera,5110 mAh,6.67 inch,"₹12,499",4.3
OnePlus Nord CE4 lite 5G,SUPER SILVER,128 GB,50MP Rear Camera,5500 mAh,6.67 inch,"₹16,902",4.4
MOTOROLA G96 5G,Pantone Ashleigh Blue,256 GB,50MP + 8MP | 32MP Front Camera,5500 mAh,6.67 inch,"₹19,999",4.4
POCO C71,Desert Gold,128 GB,32MP Rear Camera | 8MP Front Camera,5200 mAh,6.88 inch,"₹6,799",4.1
POCO M6 Plus 5G,Ice Silver,128 GB,108MP + 2MP | 13MP Front Camera,5030 mAh,6.79 inch,"₹9,999",4.2
Motorola Edge 50 Fusion,Hot Pink,256 GB,50MP + 13MP | 32MP Front Camera,5000 mAh,6.7 inch,"₹20,999",4.4
OPPO K13x 5G 6000mAh and 45W SUPERVOOC Charger & AI,Midnight Violet,128 GB,50MP + 2MP | 8MP Front Camera,6000 mAh,6.67 inch,"₹11,999",4.4
POCO C71,Cool Blue,64 GB,32MP Rear Camera | 8MP Front Camera,5200 mAh,6.88 inch,"₹6,299",4.4
realme P3x 5G,Lunar Silver,128 GB,50MP Rear Camera | 8MP Front Camera,6000 mAh,6.72 inch,"₹12,999",4.5
MOTOROLA Edge 60 Fusion 5G,PANTONE Amazonite,256 GB,50MP + 13MP | 32MP Front Camera,5500 mAh,6.67 inch,"₹22,999",4.4
MOTOROLA G96 5G,Pantone Ashleigh Blue,256 GB,50MP + 8MP | 32MP Front Camera,5500 mAh,6.67 inch,"₹19,999",4.0
realme P3x 5G,Stellar Pink,128 GB,50MP Rear Camera | 8MP Front Camera,6000 mAh,6.72 inch,"₹12,999",4.4
OnePlus Nord CE4 lite 5G,SUPER SILVER,128 GB,50MP Rear Camera,5500 mAh,6.67 inch,"₹16,902",4.4
MOTOROLA G96 5G,Pantone Ashleigh Blue,128 GB,50MP + 8MP | 32MP Front Camera,5500 mAh,6.67 inch,"₹17,999",4.4
MOTOROLA G96 5G,Pantone Cattleya Orchid,256 GB,50MP + 8MP | 32MP Front Camera,5500 mAh,6.67 inch,"₹19,999",4.1
REDMI 13 5G,Black Diamond,128 GB,108MP Rear Camera,5030 mAh,6.79 inch,"₹12,345",4.5
MOTOROLA Edge 60 Fusion 5G,PANTONE Zephyr,256 GB,50MP + 13MP | 32MP Front Camera,5500 mAh,6.67 inch,"₹24,999",4.4
MOTOROLA G96 5G,Pantone Greener Pastures,128 GB,50MP + 8MP | 32MP Front Camera,5500 mAh,6.67 inch,"₹17,999",4.4
OnePlus Nord CE4 lite 5G,MEGA BLUE,128 GB,50MP Rear Camera,5500 mAh,6.67 inch,"₹16,863",4.3
Samsung Galaxy M35 5G,Moonlight Blue,128 GB,50MP Rear Camera,6000 mAh,6.6 inch,"₹15,989",4.3
POCO X7 Pro 5G,Obsidian Black,256 GB,50MP + 8MP | 20MP Front Camera,6550 mAh,6.67 inch,"₹23,999",4.4
Motorola Edge 50 Fusion,Forest Green,128 GB,50MP + 13MP | 32MP Front Camera,5000 mAh,6.7 inch,"₹18,999",4.5
MOTOROLA Edge 60 Fusion 5G,PANTONE Amazonite,256 GB,50MP + 13MP | 32MP Front Camera,5500 mAh,6.67 inch,"₹24,999",4.4
MOTOROLA G96 5G,Pantone Greener Pastures,256 GB,50MP + 8MP | 32MP Front Camera,5500 mAh,6.67 inch,"₹19,999",4.5
OnePlus Nord CE4 lite 5G,MEGA BLUE,128 GB,50MP Rear Camera,5500 mAh,6.67 inch,"₹16,863",4.4
OPPO K13x 5G 6000mAh and 45W SUPERVOOC Charger & AI,Midnight Violet,128 GB,50MP + 2MP | 8MP Front Camera,6000 mAh,6.67 inch,"₹11,999",4.4
MOTOROLA Edge 60 Fusion 5G,PANTONE Amazonite,256 GB,50MP + 13MP | 32MP Front Camera,5500 mAh,6.67 inch,"₹22,999",4.5
realme Narzo 80 Lite 4G,Beach Gold,64 GB,13MP Rear Camera,6300 mAh,6.74 inch,"₹7,266",4.3
MOTOROLA G96 5G,Pantone Ashleigh Blue,256 GB,50MP + 8MP | 32MP Front Camera,5500 mAh,6.67 inch,"₹19,999",4.4
MOTOROLA G96 5G,Pantone Dresden Blue,128 GB,50MP + 8MP | 32MP Front Camera,5500 mAh,6.67 inch,"₹17,999",4.4
vivo Y19e,Majestic Green,64 GB,13MP + 0.08MP | 5MP Front Camera,5500 mAh,6.74 inch,"₹7,999",4.3
realme P3x 5G,Midnight Blue,128 GB,50MP Rear Camera | 8MP Front Camera,6000 mAh,6.72 inch,"₹13,999",4.4
MOTOROLA G96 5G,Pantone Cattleya Orchid,256 GB,50MP + 8MP | 32MP Front Camera,5500 mAh,6.67 inch,"₹19,999",4.4
MOTOROLA G96 5G,Pantone Ashleigh Blue,128 GB,50MP + 8MP | 32MP Front Camera,5500 mAh,6.67 inch,"₹17,999",4.4
realme Narzo 80 Lite 4G,Obsidian Black,64 GB,13MP Rear Camera,6300 mAh,6.74 inch,"₹7,414",4.3
realme Narzo 80x 5G,Deep Ocean,128 GB,50MP Rear Camera,6000 mAh,6.72 inch,"₹12,950",4.2
MOTOROLA G96 5G,Pantone Greener Pastures,128 GB,50MP + 8MP | 32MP Front Camera,5500 mAh,6.67 inch,"₹17,999",4.4
MOTOROLA G96 5G,Pantone Greener Pastures,256 GB,50MP + 8MP | 32MP Front Camera,5500 mAh,6.67 inch,"₹19,999",4.4
IQOO Z10X 5G,Titanium,128 GB,50MP Rear Camera,6500 mAh,6.7 inch,"₹13,720",4.4
realme Narzo 80 Lite 5G,Onyx Black,128 GB,50MP Rear Camera,6000 mAh,6.67 inch,"₹11,280",4.3
MOTOROLA G96 5G,Pantone Dresden Blue,256 GB,50MP + 8MP | 32MP Front Camera,5500 mAh,6.67 inch,"₹19,999",4.4
MOTOROLA Edge 60 Fusion 5G,PANTONE Amazonite,256 GB,50MP + 13MP | 32MP Front Camera,5500 mAh,6.67 inch,"₹24,999",4.5
OPPO K13x 5G 6000mAh and 45W SUPERVOOC Charger & AI,Sunset Peach,128 GB,50MP + 2MP | 8MP Front Camera,6000 mAh,6.67 inch,"₹11,999",4.4
OPPO K13x 5G 6000mAh and 45W SUPERVOOC Charger & AI,Sunset Peach,128 GB,50MP + 2MP | 8MP Front Camera,6000 mAh,6.67 inch,"₹12,999",4.5
MOTOROLA G96 5G,Pantone Cattleya Orchid,256 GB,50MP + 8MP | 32MP Front Camera,5500 mAh,6.67 inch,"₹19,999",4.4
OPPO K13x 5G 6000mAh and 45W SUPERVOOC Charger & AI,Midnight Violet,128 GB,50MP + 2MP | 8MP Front Camera,6000 mAh,6.67 inch,"₹11,999",4.4
IQOO Z10X 5G,Ultramarine,128 GB,50MP Rear Camera,6500 mAh,6.7 inch,"₹14,990",4.2
Samsung Galaxy F16 5G,Vibing Blue,128 GB,50MP + 5MP + 2MP | 13MP Front Camera,5000 mAh,6.657 inch,"₹13,999",4.5
MOTOROLA Edge 60 Fusion 5G,PANTONE Amazonite,256 GB,50MP + 13MP | 32MP Front Camera,5500 mAh,6.67 inch,"₹22,999",4.4
MOTOROLA G96 5G,Pantone Ashleigh Blue,256 GB,50MP + 8MP | 32MP Front Camera,5500 mAh,6.67 inch,"₹19,999",3.1
vivo Y19e,Titanium Silver,64 GB,13MP + 0.08MP | 5MP Front Camera,5500 mAh,6.74 inch,"₹7,999",4.5
MOTOROLA Edge 60 Fusion 5G,PANTONE Zephyr,256 GB,50MP + 13MP | 32MP Front Camera,5500 mAh,6.67 inch,"₹24,999",4.4
MOTOROLA G96 5G,Pantone Greener Pastures,128 GB,50MP + 8MP | 32MP Front Camera,5500 mAh,6.67 inch,"₹17,999",4.1
POCO M7 5G,Mint Green,128 GB,50MP Rear Camera | 8MP Front Camera,5160 mAh,6.88 inch,"₹10,499",4.4
MOTOROLA G96 5G,Pantone Ashleigh Blue,128 GB,50MP + 8MP | 32MP Front Camera,5500 mAh,6.67 inch,"₹17,999",4.5
MOTOROLA Edge 60 Fusion 5G,PANTONE Amazonite,256 GB,50MP + 13MP | 32MP Front Camera,5500 mAh,6.67 inch,"₹24,999",3.9
Samsung Galaxy F06 5G,Bahama Blue,128 GB,50MP + 2MP | 8MP Front Camera,5000 mAh,6.7 inch,"₹7,999",4.1
IQOO Z10X 5G,Ultramarine,128 GB,50MP Rear Camera,6500 mAh,6.7 inch,"₹13,680",4.5
OPPO K13x 5G 6000mAh and 45W SUPERVOOC Charger & AI,Midnight Violet,128 GB,50MP + 2MP | 8MP Front Camera,6000 mAh,6.67 inch,"₹11,999",4.4
MOTOROLA Edge 60 Fusion 5G,PANTONE Amazonite,256 GB,50MP + 13MP | 32MP Front Camera,5500 mAh,6.67 inch,"₹22,999",4.5
REDMI A4,Sparkle Purple,128 GB,50MP + 50MP | 5MP Dual Front Camera,5160 mAh,6.88 inch,"₹10,378",4.4
MOTOROLA G96 5G,Pantone Ashleigh Blue,256 GB,50MP + 8MP | 32MP Front Camera,5500 mAh,6.67 inch,"₹19,999",4.4
MOTOROLA G96 5G,Pantone Dresden Blue,128 GB,50MP + 8MP | 32MP Front Camera,5500 mAh,6.67 inch,"₹17,999",4.4
POCO M7 5G,Ocean Blue,128 GB,50MP Rear Camera | 8MP Front Camera,5160 mAh,6.88 inch,"₹10,499",4.2
POCO C71,Power Black,64 GB,32MP Rear Camera | 8MP Front Camera,5200 mAh,6.88 inch,"₹6,299",3.9
POCO C75 5G,Enchanted Green,64 GB,50MP Rear Camera | 5MP Front Camera,5160 mAh,6.88 inch,"₹7,699",4.2
MOTOROLA G96 5G,Pantone Greener Pastures,128 GB,50MP + 8MP | 32MP Front Camera,5500 mAh,6.67 inch,"₹17,999",4.4
MOTOROLA G96 5G,Pantone Cattleya Orchid,256 GB,50MP + 8MP | 32MP Front Camera,5500 mAh,6.67 inch,"₹19,999",4.4
Motorola e40,Carbon Gray,64 GB,48MP + 2MP + 2MP | 8MP Front Camera,5000 mAh,6.5 inch,"₹5,999",4.2
realme Narzo 80 Lite 4G,Obsidian Black,128 GB,13MP Rear Camera,6300 mAh,6.74 inch,"₹8,398",4.3
MOTOROLA G96 5G,Pantone Ashleigh Blue,128 GB,50MP + 8MP | 32MP Front Camera,5500 mAh,6.67 inch,"₹17,999",4.4
MOTOROLA G96 5G,Pantone Greener Pastures,256 GB,50MP + 8MP | 32MP Front Camera,5500 mAh,6.67 inch,"₹19,999",4.4
POCO M7 Plus 5G,Aqua Blue,128 GB,50MP AI Dual Camera,7000 mAh,6.9 inch,"₹13,499",4.2
MOTOROLA G96 5G,Pantone Dresden Blue,256 GB,50MP + 8MP | 32MP Front Camera,5500 mAh,6.67 inch,"₹19,999",4.4
POCO M6 Plus 5G,Graphite Black,128 GB,108MP + 2MP | 13MP Front Camera,5030 mAh,6.79 inch,"₹9,999",4.2
MOTOROLA Edge 60 Fusion 5G,PANTONE Amazonite,256 GB,50MP + 13MP | 32MP Front Camera,5500 mAh,6.67 inch,"₹24,999",4.5
MOTOROLA Edge 60 Fusion 5G,PANTONE Zephyr,256 GB,50MP + 13MP | 32MP Front Camera,5500 mAh,6.67 inch,"₹24,999",4.5
POCO C71,Desert Gold,64 GB,32MP Rear Camera | 8MP Front Camera,5200 mAh,6.88 inch,"₹6,299",3.9
OPPO F27 Pro+,Midnight Navy,256 GB,64MP + 2MP | 8MP Front Camera,5000 mAh,6.7 inch,"₹19,141",4.4
OPPO K13x 5G 6000mAh and 45W SUPERVOOC Charger & AI,Midnight Violet,128 GB,50MP + 2MP | 8MP Front Camera,6000 mAh,6.67 inch,"₹11,999",4.4
MOTOROLA Edge 60 Fusion 5G,PANTONE Amazonite,256 GB,50MP + 13MP | 32MP Front Camera,5500 mAh,6.67 inch,"₹22,999",4.5
realme Narzo 80 Lite 5G,Onyx Black,128 GB,50MP Rear Camera,6000 mAh,6.67 inch,"₹12,499",4.4
POCO X7 Pro 5G,Yellow,256 GB,50MP + 8MP | 20MP Front Camera,6550 mAh,6.67 inch,"₹23,999",4.3
MOTOROLA G96 5G,Pantone Ashleigh Blue,256 GB,50MP + 8MP | 32MP Front Camera,5500 mAh,6.67 inch,"₹19,999",4.4
MOTOROLA G96 5G,Pantone Dresden Blue,128 GB,50MP + 8MP | 32MP Front Camera,5500 mAh,6.67 inch,"₹17,999",4.4
vivo T4R 5G,Arctic White,128 GB,50MP (OIS) + 2MP | 32MP Front Camera,5700 mAh,6.77 inch,"₹19,499",4.5
MOTOROLA G96 5G,Pantone Cattleya Orchid,256 GB,50MP + 8MP | 32MP Front Camera,5500 mAh,6.67 inch,"₹19,999",4.4
MOTOROLA G96 5G,Pantone Ashleigh Blue,128 GB,50MP + 8MP | 32MP Front Camera,5500 mAh,6.67 inch,"₹17,999",4.4
vivo T4R 5G,Arctic White,256 GB,50MP (OIS) + 2MP | 32MP Front Camera,5700 mAh,6.77 inch,"₹21,499",4.5
OnePlus Nord 5�5G,Marble Sands,256 GB,50MP + 50MP + 8MP | 50MP Front Camera,6800 mAh,6.83 inch,"₹31,220",4.6
OPPO F27 Pro+,Dusk Pink,128 GB,64MP + 2MP | 8MP Front Camera,5000 mAh,6.7 inch,"₹23,900",4.4
MOTOROLA G96 5G,Pantone Greener Pastures,128 GB,50MP + 8MP | 32MP Front Camera,5500 mAh,6.67 inch,"₹17,999",4.4
MOTOROLA G96 5G,Pantone Greener Pastures,256 GB,50MP + 8MP | 32MP Front Camera,5500 mAh,6.67 inch,"₹19,999",4.4
REDMI 13 5G,Orchid Pink,128 GB,108MP Rear Camera,5030 mAh,6.79 inch,"₹12,676",4.2
REDMI A4 5G only on Jio SIM,Starry Black,64 GB,50MP Rear Camera,5160 mAh,6.88 inch,"₹8,327",4.3
MOTOROLA G96 5G,Pantone Dresden Blue,256 GB,50MP + 8MP | 32MP Front Camera,5500 mAh,6.67 inch,"₹19,999",4.4
MOTOROLA Edge 60 Fusion 5G,PANTONE Amazonite,256 GB,50MP + 13MP | 32MP Front Camera,5500 mAh,6.67 inch,"₹24,999",4.5
IQOO Z10 Lite 5G,Titanium Blue,256 GB,50MP Rear Camera,6000 mAh,6.74 inch,"₹13,348",4.2
Samsung Galaxy M35 5G,DayBreak Blue,128 GB,50MP Rear Camera,6000 mAh,6.6 inch,"₹15,944",4.3
MOTOROLA Edge 60 Pro,Pantone Sparkling Grape,256 GB,50MP + 50MP + 10MP | 50MP Front Camera,6000 mAh,6.7 inch,"₹29,999",4.3
REDMI 14C 5G,Stargaze Black,128 GB,50MP Rear Camera | 8MP Front Camera,5160 mAh,6.88 inch,"₹9,578",4.2
OPPO K13x 5G 6000mAh and 45W SUPERVOOC Charger & AI,Midnight Violet,128 GB,50MP + 2MP | 8MP Front Camera,6000 mAh,6.67 inch,"₹11,999",4.4
vivo T4R 5G,Twilight Blue,128 GB,50MP (OIS) + 2MP | 32MP Front Camera,5700 mAh,6.77 inch,"₹19,499",4.5
MOTOROLA Edge 60 Fusion 5G,PANTONE Amazonite,256 GB,50MP + 13MP | 32MP Front Camera,5500 mAh,6.67 inch,"₹22,999",4.4
MOTOROLA G96 5G,Pantone Ashleigh Blue,256 GB,50MP + 8MP | 32MP Front Camera,5500 mAh,6.67 inch,"₹19,999",4.2
Ai+ Pulse,Green,64 GB,50MP Rear Camera | 5MP Front Camera,5000 mAh,6.745 inch,"₹4,999",4.5
IQOO Neo 10R 5G,Raging Blue,256 GB,50MP Rear Camera,6400 mAh,6.78 inch,"₹28,984",4.5
vivo T4 5G,Phantom Grey,256 GB,50MP (OIS) + 2MP | 32MP Front Camera,7300 mAh,6.77 inch,"₹23,999",4.0
MOTOROLA G96 5G,Pantone Ashleigh Blue,128 GB,50MP + 8MP | 32MP Front Camera,5500 mAh,6.67 inch,"₹17,999",4.4
MOTOROLA G96 5G,Pantone Cattleya Orchid,256 GB,50MP + 8MP | 32MP Front Camera,5500 mAh,6.67 inch,"₹19,999",4.8
REDMI 15 5G,Frosted White,128 GB,50MP Rear Camera,7000 mAh,6.9 inch,"₹15,999",4.3
Infinix Note 50x 5G+ 45W Charger In the Box & AI,Sea Breeze Green,128 GB,50MP + AI Lens | 8MP Front Camera,5500 mAh,6.67 inch,"₹12,999",4.5
MOTOROLA Edge 60 Fusion 5G,PANTONE Zephyr,256 GB,50MP + 13MP | 32MP Front Camera,5500 mAh,6.67 inch,"₹24,999",4.4
MOTOROLA G96 5G,Pantone Greener Pastures,128 GB,50MP + 8MP | 32MP Front Camera,5500 mAh,6.67 inch,"₹17,999",4.0
LAVA Shark 5G,stellar gold /steller gold,64 GB,13MP Rear Camera,5000 mAh,6.7 inch,"₹7,920",4.2
IQOO Z10 Lite 5G,Cyber Green,128 GB,50MP Rear Camera,6000 mAh,6.74 inch,"₹11,220",4.3
Infinix Note 50x 5G+ 45W Charger In the Box & AI,Sunset Spice Pink,128 GB,50MP + AI Lens | 8MP Front Camera,5500 mAh,6.67 inch,"₹11,499",3.6
MOTOROLA Edge 60 Fusion 5G,PANTONE Amazonite,256 GB,50MP + 13MP | 32MP Front Camera,5500 mAh,6.67 inch,"₹24,999",4.4
MOTOROLA G96 5G,Pantone Greener Pastures,256 GB,50MP + 8MP | 32MP Front Camera,5500 mAh,6.67 inch,"₹19,999",4.5
Samsung Galaxy S24 Ultra 5G,Titanium Black,256 GB,200MP + 50MP + 12MP + 10MP | 12MP Front Camera,5000 mAh,6.8 inch,"₹82,490",4.6
OPPO K13x 5G 6000mAh and 45W SUPERVOOC Charger & AI,Midnight Violet,128 GB,50MP + 2MP | 8MP Front Camera,6000 mAh,6.67 inch,"₹11,999",4.4
MOTOROLA Edge 60 Fusion 5G,PANTONE Amazonite,256 GB,50MP + 13MP | 32MP Front Camera,5500 mAh,6.67 inch,"₹22,999",4.5
vivo T4R 5G,Twilight Blue,256 GB,50MP (OIS) + 2MP | 32MP Front Camera,5700 mAh,6.77 inch,"₹23,499",4.5
IQOO Z10 Lite 5G,Cyber Green,256 GB,50MP Rear Camera,6000 mAh,6.74 inch,"₹13,250",4.2
IQOO Neo 10R 5G,MoonKnight Titanium,128 GB,50MP Rear Camera,6400 mAh,6.78 inch,"₹25,799",4.4
MOTOROLA G96 5G,Pantone Ashleigh Blue,256 GB,50MP + 8MP | 32MP Front Camera,5500 mAh,6.67 inch,"₹19,999",4.4
MOTOROLA G96 5G,Pantone Dresden Blue,128 GB,50MP + 8MP | 32MP Front Camera,5500 mAh,6.67 inch,"₹17,999",4.4
IQOO Neo 10R 5G,MoonKnight Titanium,256 GB,50MP Rear Camera,6400 mAh,6.78 inch,"₹27,499",4.4
MOTOROLA G96 5G,Pantone Greener Pastures,128 GB,50MP + 8MP | 32MP Front Camera,5500 mAh,6.67 inch,"₹17,999",4.4
MOTOROLA G96 5G,Pantone Cattleya Orchid,256 GB,50MP + 8MP | 32MP Front Camera,5500 mAh,6.67 inch,"₹19,999",4.4
REDMI 15 5G,Frosted White,128 GB,50MP Rear Camera,7000 mAh,6.9 inch,"₹15,999",4.8
REDMI 15 5G,Sandy Purple,128 GB,50MP Rear Camera,7000 mAh,6.9 inch,"₹15,999",4.8
REDMI 15 5G,Midnight Black,128 GB,50MP Rear Camera,7000 mAh,6.9 inch,"₹15,998",4.8
REDMI 15 5G,Midnight Black,256 GB,50MP Rear Camera,7000 mAh,6.9 inch,"₹16,400",4.8
MOTOROLA G96 5G,Pantone Ashleigh Blue,128 GB,50MP + 8MP | 32MP Front Camera,5500 mAh,6.67 inch,"₹17,999",4.4
MOTOROLA G96 5G,Pantone Greener Pastures,256 GB,50MP + 8MP | 32MP Front Camera,5500 mAh,6.67 inch,"₹19,999",4.4
POCO M7 Pro 5G,Olive Twilight,128 GB,50MP + 2MP | 20MP Front Camera,5110 mAh,6.67 inch,"₹12,499",4.3
Tecno Pova 7 5G,Geek Black,128 GB,50MP + AI | 13MP Front Camera,6000 mAh,6.78 inch,"₹14,999",4.4
MOTOROLA Edge 60 Fusion 5G,PANTONE Amazonite,256 GB,50MP + 13MP | 32MP Front Camera,5500 mAh,6.67 inch,"₹24,999",4.5
MOTOROLA G96 5G,Pantone Dresden Blue,256 GB,50MP + 8MP | 32MP Front Camera,5500 mAh,6.67 inch,"₹19,999",4.4
Tecno Pova 7 5G,Geek Black,128 GB,50MP + AI | 13MP Front Camera,6000 mAh,6.78 inch,"₹14,999",4.4
REDMI A3X,Ocean Green,128 GB,8MP Rear Camera | 5MP Front Camera,5000 mAh,6.71 inch,"₹6,499",4.1
Samsung Galaxy S24 Ultra 5G,Titanium Gray,256 GB,200MP + 50MP + 12MP + 10MP | 12MP Front Camera,5000 mAh,6.8 inch,"₹81,499",4.6
Samsung Galaxy S24 Ultra 5G,Titanium Black,256 GB,200MP + 50MP + 12MP + 10MP | 12MP Front Camera,5000 mAh,6.8 inch,"₹82,490",4.6
OPPO K13x 5G 6000mAh and 45W SUPERVOOC Charger & AI,Midnight Violet,128 GB,50MP + 2MP | 8MP Front Camera,6000 mAh,6.67 inch,"₹11,999",4.4
realme P4 5G,Steel Grey,128 GB,50MP + 8MP | 16MP Front Camera,7000 mAh,6.77 inch,"₹19,499",4.0
MOTOROLA Edge 60 Fusion 5G,PANTONE Amazonite,256 GB,50MP + 13MP | 32MP Front Camera,5500 mAh,6.67 inch,"₹22,999",4.4
MOTOROLA G96 5G,Pantone Ashleigh Blue,256 GB,50MP + 8MP | 32MP Front Camera,5500 mAh,6.67 inch,"₹19,999",4.4
MOTOROLA Edge 60 Pro,Pantone Sparkling Grape,256 GB,50MP + 50MP + 10MP | 50MP Front Camera,6000 mAh,6.7 inch,"₹29,999",4.0
Samsung M36 5G,Light Green,128 GB,50MP Rear Camera,5000 mAh,6.7 inch,"₹15,390",4.4
MOTOROLA G96 5G,Pantone Greener Pastures,128 GB,50MP + 8MP | 32MP Front Camera,5500 mAh,6.67 inch,"₹17,999",4.4
MOTOROLA G96 5G,Pantone Cattleya Orchid,256 GB,50MP + 8MP | 32MP Front Camera,5500 mAh,6.67 inch,"₹19,999",4.5
OnePlus Nord 5 5G,Dry Ice,256 GB,50MP + 50MP + 8MP | 50MP Front Camera,6800 mAh,6.83 inch,"₹31,419",4.2
IQOO Z10 Lite 5G,Titanium Blue,128 GB,50MP Rear Camera,6000 mAh,6.74 inch,"₹10,231",4.4
MOTOROLA G96 5G,Pantone Ashleigh Blue,128 GB,50MP + 8MP | 32MP Front Camera,5500 mAh,6.67 inch,"₹17,999",4.4
MOTOROLA G96 5G,Pantone Greener Pastures,256 GB,50MP + 8MP | 32MP Front Camera,5500 mAh,6.67 inch,"₹19,999",4.2
REDMI 14C 5G,Stardust Purple,128 GB,50MP Rear Camera | 8MP Front Camera,5160 mAh,6.88 inch,"₹10,999",4.2
REDMI 14C 5G,Starlight Blue,128 GB,50MP Rear Camera | 8MP Front Camera,5160 mAh,6.88 inch,"₹10,999",4.6
Samsung Galaxy S24 Ultra 5G,Titanium Violet,256 GB,200MP + 50MP + 12MP + 10MP | 12MP Front Camera,5000 mAh,6.8 inch,"₹89,999",4.1
REDMI A3X,Ocean Green,64 GB,8MP Rear Camera | 5MP Front Camera,5000 mAh,6.71 inch,"₹6,499",4.5
OPPO K13x 5G 6000mAh and 45W SUPERVOOC Charger & AI,Midnight Violet,128 GB,50MP + 2MP | 8MP Front Camera,6000 mAh,6.67 inch,"₹11,999",4.4
MOTOROLA Edge 60 Fusion 5G,PANTONE Amazonite,256 GB,50MP + 13MP | 32MP Front Camera,5500 mAh,6.67 inch,"₹22,999",4.5
Samsung M36 5G,Light Green,128 GB,50MP Rear Camera,5000 mAh,6.7 inch,"₹15,390",4.1
MOTOROLA G96 5G,Pantone Ashleigh Blue,256 GB,50MP + 8MP | 32MP Front Camera,5500 mAh,6.67 inch,"₹19,999",4.4
MOTOROLA G96 5G,Pantone Dresden Blue,128 GB,50MP + 8MP | 32MP Front Camera,5500 mAh,6.67 inch,"₹17,999",4.4
Samsung M36 5G,Velvet Black / Black,128 GB,50MP Rear Camera,5000 mAh,6.7 inch,"₹15,450",4.1
OnePlus Nord CE5 5G,Black Infinity,256 GB,50MP Rear Camera,7100 mAh,6.77 inch,"₹25,835",4.5
OnePlus Nord 5 5G,Dry Ice,256 GB,50MP + 50MP + 8MP | 50MP Front Camera,6800 mAh,6.83 inch,"₹31,419",4.5
POCO M7 5G,Satin Black,128 GB,50MP Rear Camera | 8MP Front Camera,5160 mAh,6.88 inch,"₹9,499",4.1
MOTOROLA G96 5G,Pantone Greener Pastures,128 GB,50MP + 8MP | 32MP Front Camera,5500 mAh,6.67 inch,"₹17,999",4.4
MOTOROLA G96 5G,Pantone Cattleya Orchid,256 GB,50MP + 8MP | 32MP Front Camera,5500 mAh,6.67 inch,"₹19,999",4.4
realme 15T 5G,Flowing Silver,256 GB,50MP + 2MP | 50MP Front Camera,7000 mAh,6.57 inch,"₹22,999",4.3
realme 15T 5G,Suit Titanium,128 GB,50MP + 2MP | 50MP Front Camera,7000 mAh,6.57 inch,"₹20,999",4.3
MOTOROLA G96 5G,Pantone Ashleigh Blue,128 GB,50MP + 8MP | 32MP Front Camera,5500 mAh,6.67 inch,"₹17,999",4.4
MOTOROLA G96 5G,Pantone Greener Pastures,256 GB,50MP + 8MP | 32MP Front Camera,5500 mAh,6.67 inch,"₹19,999",4.4
realme 15T 5G,Silk Blue,128 GB,50MP + 2MP | 50MP Front Camera,7000 mAh,6.57 inch,"₹20,999",4.3
Samsung Galaxy S24 Ultra 5G,Titanium Violet,256 GB,200MP + 50MP + 12MP + 10MP | 12MP Front Camera,5000 mAh,6.8 inch,"₹89,999",4.6
REDMI A4,Starry Black,128 GB,50MP + 50MP | 5MP Dual Front Camera,5160 mAh,6.88 inch,"₹10,355",4.4
POCO M6 Plus 5G,Misty Lavender,128 GB,108MP + 2MP | 13MP Front Camera,5030 mAh,6.79 inch,"₹10,999",4.2
MOTOROLA Edge 60 Fusion 5G,PANTONE Amazonite,256 GB,50MP + 13MP | 32MP Front Camera,5500 mAh,6.67 inch,"₹24,999",4.5
MOTOROLA G96 5G,Pantone Dresden Blue,256 GB,50MP + 8MP | 32MP Front Camera,5500 mAh,6.67 inch,"₹19,999",4.4
OPPO K13x 5G 6000mAh and 45W SUPERVOOC Charger & AI,Midnight Violet,128 GB,50MP + 2MP | 8MP Front Camera,6000 mAh,6.67 inch,"₹11,999",4.3
realme 15T 5G,Flowing Silver,256 GB,50MP + 2MP | 50MP Front Camera,7000 mAh,6.57 inch,"₹22,999",3.1
realme P4 5G,Steel Grey,128 GB,50MP + 8MP | 16MP Front Camera,7000 mAh,6.77 inch,"₹18,499",4.6
MOTOROLA Edge 60 Fusion 5G,PANTONE Amazonite,256 GB,50MP + 13MP | 32MP Front Camera,5500 mAh,6.67 inch,"₹22,999",4.4
MOTOROLA G96 5G,Pantone Ashleigh Blue,256 GB,50MP + 8MP | 32MP Front Camera,5500 mAh,6.67 inch,"₹19,999",4.1
realme Narzo 80x 5G,Sunlit Gold,128 GB,50MP Rear Camera,6000 mAh,6.72 inch,"₹12,246",4.4
MOTOROLA G96 5G,Pantone Greener Pastures,128 GB,50MP + 8MP | 32MP Front Camera,5500 mAh,6.67 inch,"₹17,999",4.4
MOTOROLA G96 5G,Pantone Cattleya Orchid,256 GB,50MP + 8MP | 32MP Front Camera,5500 mAh,6.67 inch,"₹19,999",4.2
REDMI 13 5G,Hawaiian Blue,128 GB,108MP Rear Camera,5030 mAh,6.79 inch,"₹13,107",4.4
Tecno Pova 7 5G,Geek Black,256 GB,50MP + AI | 13MP Front Camera,6000 mAh,6.78 inch,"₹15,999",4.3
vivo V25 5G,Sunrise Gold,128 GB,64MP + 8MP + 2MP | 50MP Front Camera,4500 mAh Lithium,6.44 inch,"₹16,889",4.3
Tecno Spark Go 5G,Ink Black,128 GB,50MP Rear Camera | 5MP Front Camera,6000 mAh,6.74 inch,"₹9,999",4.4
MOTOROLA G96 5G,Pantone Ashleigh Blue,128 GB,50MP + 8MP | 32MP Front Camera,5500 mAh,6.67 inch,"₹17,999",4.4
MOTOROLA G96 5G,Pantone Greener Pastures,256 GB,50MP + 8MP | 32MP Front Camera,5500 mAh,6.67 inch,"₹19,999",4.1
Tecno Spark Go 5G,Sky Blue,128 GB,50MP Rear Camera | 5MP Front Camera,6000 mAh,6.74 inch,"₹9,999",4.5
MOTOROLA Edge 60 Fusion 5G,PANTONE Amazonite,256 GB,50MP + 13MP | 32MP Front Camera,5500 mAh,6.67 inch,"₹24,999",4.5
MOTOROLA Edge 60 Fusion 5G,PANTONE Zephyr,256 GB,50MP + 13MP | 32MP Front Camera,5500 mAh,6.67 inch,"₹24,999",4.4
realme P3 5G,Space Silver,256 GB,50MP + 2MP | 16MP Front Camera,6000 mAh,6.67 inch,"₹18,499",4.4
realme P4 5G,Steel Grey,256 GB,50MP + 8MP | 16MP Front Camera,7000 mAh,6.77 inch,"₹21,499",4.5
realme 15T 5G,Suit Titanium,256 GB,50MP + 2MP | 50MP Front Camera,7000 mAh,6.57 inch,"₹22,999",4.3
realme 15T 5G,Silk Blue,256 GB,50MP + 2MP | 50MP Front Camera,7000 mAh,6.57 inch,"₹22,999",4.3
OPPO K13x 5G 6000mAh and 45W SUPERVOOC Charger & AI,Midnight Violet,128 GB,50MP + 2MP | 8MP Front Camera,6000 mAh,6.67 inch,"₹11,999",4.4
realme C61,Marble Black,64 GB,32MP Rear Camera | 5MP Front Camera,5000 mAh,6.745 inch,"₹7,699",4.1
MOTOROLA Edge 60 Fusion 5G,PANTONE Amazonite,256 GB,50MP + 13MP | 32MP Front Camera,5500 mAh,6.67 inch,"₹22,999",4.4
MOTOROLA G96 5G,Pantone Ashleigh Blue,256 GB,50MP + 8MP | 32MP Front Camera,5500 mAh,6.67 inch,"₹19,999",4.1
REDMI A3X,Olive Green,64 GB,8MP Rear Camera | 5MP Front Camera,5000 mAh,6.71 inch,"₹6,499",4.1
REDMI A3X,Olive Green,64 GB,8MP Rear Camera | 5MP Front Camera,5000 mAh,6.71 inch,"₹5,999",4.1
REDMI A3X,Midnight Black,64 GB,8MP Rear Camera | 5MP Front Camera,5000 mAh,6.71 inch,"₹5,999",4.1
REDMI A3X,Ocean Green,64 GB,8MP Rear Camera | 5MP Front Camera,5000 mAh,6.71 inch,"₹5,999",4.4
MOTOROLA G96 5G,Pantone Cattleya Orchid,256 GB,50MP + 8MP | 32MP Front Camera,5500 mAh,6.67 inch,"₹19,999",4.4
MOTOROLA G96 5G,Pantone Ashleigh Blue,128 GB,50MP + 8MP | 32MP Front Camera,5500 mAh,6.67 inch,"₹17,999",4.3
realme Narzo 80 Lite 4G,Beach Gold,128 GB,13MP Rear Camera,6300 mAh,6.74 inch,"₹8,590",4.4
OnePlus Nord CE4,Dark Chrome,128 GB,50MP Rear Camera,5500 mAh,6.7 inch,"₹19,650",4.4
MOTOROLA G96 5G,Pantone Greener Pastures,128 GB,50MP + 8MP | 32MP Front Camera,5500 mAh,6.67 inch,"₹17,999",4.4
MOTOROLA G96 5G,Pantone Greener Pastures,256 GB,50MP + 8MP | 32MP Front Camera,5500 mAh,6.67 inch,"₹19,999",4.5
realme Narzo 80 Lite 5G,Crystal Purple,128 GB,50MP Rear Camera,6000 mAh,6.67 inch,"₹11,450",3.6
REDMI A3X,Midnight Black,64 GB,8MP Rear Camera | 5MP Front Camera,5000 mAh,6.71 inch,"₹6,499",4.4
MOTOROLA G96 5G,Pantone Dresden Blue,256 GB,50MP + 8MP | 32MP Front Camera,5500 mAh,6.67 inch,"₹19,999",4.5
MOTOROLA Edge 60 Fusion 5G,PANTONE Zephyr,256 GB,50MP + 13MP | 32MP Front Camera,5500 mAh,6.67 inch,"₹24,999",4.3
OPPO K13x 5G 6000mAh and 45W SUPERVOOC Charger & AI,Midnight Violet,128 GB,50MP + 2MP | 8MP Front Camera,6000 mAh,6.67 inch,"₹11,999",4.4
MOTOROLA Edge 60 Fusion 5G,PANTONE Amazonite,256 GB,50MP + 13MP | 32MP Front Camera,5500 mAh,6.67 inch,"₹22,999",4.5
realme P3 5G,Space Silver,128 GB,50MP + 2MP | 16MP Front Camera,6000 mAh,6.67 inch,"₹16,999",4.4
IQOO Z10R 5G,Aquamarine,256 GB,50MP Rear Camera,5700 mAh,6.77 inch,"₹20,922",4.4
MOTOROLA G96 5G,Pantone Dresden Blue,128 GB,50MP + 8MP | 32MP Front Camera,5500 mAh,6.67 inch,"₹17,999",4.4
MOTOROLA G96 5G,Pantone Ashleigh Blue,256 GB,50MP + 8MP | 32MP Front Camera,5500 mAh,6.67 inch,"₹19,999",4.4
MOTOROLA G96 5G,Pantone Cattleya Orchid,256 GB,50MP + 8MP | 32MP Front Camera,5500 mAh,6.67 inch,"₹19,999",4.4
IQOO Neo 10,Inferno Red,128 GB,50MP + 50MP + 8MP | 32MP + 32MP Dual Front Camera,7000 mAh,6.78 inch,"₹32,489",4.5
IQOO Neo 10,Titanium Chrome,128 GB,50MP + 50MP + 8MP | 32MP + 32MP Dual Front Camera,7000 mAh,6.78 inch,"₹32,950",4.5
MOTOROLA G96 5G,Pantone Ashleigh Blue,128 GB,50MP + 8MP | 32MP Front Camera,5500 mAh,6.67 inch,"₹17,999",4.4
MOTOROLA G96 5G,Pantone Greener Pastures,128 GB,50MP + 8MP | 32MP Front Camera,5500 mAh,6.67 inch,"₹17,999",4.4
Tecno Pova 7 5G,Magic Silver,256 GB,50MP + AI | 13MP Front Camera,6000 mAh,6.78 inch,"₹15,999",4.4
realme P3 Ultra 5G,Orion Red,256 GB,50MP + 8MP | 16MP Front Camera,6000 mAh,6.83 inch,"₹29,999",4.5
MOTOROLA G96 5G,Pantone Greener Pastures,256 GB,50MP + 8MP | 32MP Front Camera,5500 mAh,6.67 inch,"₹19,999",4.4
MOTOROLA G96 5G,Pantone Dresden Blue,256 GB,50MP + 8MP | 32MP Front Camera,5500 mAh,6.67 inch,"₹19,999",4.4
MOTOROLA Edge 60 Fusion 5G,PANTONE Amazonite,256 GB,50MP + 13MP | 32MP Front Camera,5500 mAh,6.67 inch,"₹24,999",4.5
MOTOROLA Edge 60 Fusion 5G,PANTONE Zephyr,256 GB,50MP + 13MP | 32MP Front Camera,5500 mAh,6.67 inch,"₹24,999",4.5
IQOO Neo 10,Inferno Red,256 GB,50MP + 50MP + 8MP | 32MP + 32MP Dual Front Camera,7000 mAh,6.78 inch,"₹33,500",4.5
Tecno Pova Curve 5G,Magic Silver,128 GB,64MP Rear Camera | 13MP Front Camera,5500 mAh,6.78 inch,"₹15,999",4.3
Samsung Galaxy A06 5G,Black,64 GB,50MP + 2MP | 8MP Front Camera,5000 mAh Li-ion,6.7 inch,"₹9,895",4.0
OPPO K13x 5G 6000mAh and 45W SUPERVOOC Charger & AI,Midnight Violet,128 GB,50MP + 2MP | 8MP Front Camera,6000 mAh,6.67 inch,"₹11,999",4.4
OPPO A3x 5G,Sparkle Black,64 GB,8MP Rear Camera | 5MP Front Camera,5100 mAh,6.67 inch,"₹9,900",4.4
realme P3 Ultra 5G,Glowing Lunar White,128 GB,50MP + 8MP | 16MP Front Camera,6000 mAh,6.83 inch,"₹21,999",4.5
MOTOROLA Edge 60 Fusion 5G,PANTONE Amazonite,256 GB,50MP + 13MP | 32MP Front Camera,5500 mAh,6.67 inch,"₹22,999",4.4
MOTOROLA G96 5G,Pantone Ashleigh Blue,256 GB,50MP + 8MP | 32MP Front Camera,5500 mAh,6.67 inch,"₹19,999",4.0
Samsung Galaxy A17 5G,Blue,128 GB,50MP + 5MP + 2MP | 13MP Front Camera,5000 mAh,6.7 inch,"₹18,999",4.4
realme P3 Ultra 5G,Neptune Blue,128 GB,50MP + 8MP | 16MP Front Camera,6000 mAh,6.83 inch,"₹21,999",4.3
Samsung Galaxy A35 5G,Awesome Navy,256 GB,50MP + 8MP + 5MP | 13MP Front Camera,5000 mAh,6.6 inch,"₹23,999",4.5
MOTOROLA G96 5G,Pantone Cattleya Orchid,256 GB,50MP + 8MP | 32MP Front Camera,5500 mAh,6.67 inch,"₹19,999",4.4
MOTOROLA G96 5G,Pantone Ashleigh Blue,128 GB,50MP + 8MP | 32MP Front Camera,5500 mAh,6.67 inch,"₹17,999",4.2
Tecno Pova Slim 5G,Sky Blue,128 GB,50MP + 2MP | 13MP Front Camera,5160 mAh,6.78 inch,"₹19,999",3.1
MOTOROLA G96 5G,Pantone Greener Pastures,128 GB,50MP + 8MP | 32MP Front Camera,5500 mAh,6.67 inch,"₹17,999",4.4
MOTOROLA G96 5G,Pantone Greener Pastures,256 GB,50MP + 8MP | 32MP Front Camera,5500 mAh,6.67 inch,"₹19,999",4.3
REDMI Note 14 5G,Ivy Green,128 GB,50MP Rear Camera,5110 mAh,6.67 inch,"₹15,530",4.3
Samsung Galaxy A35 5G,Awesome Iceblue,128 GB,50MP + 8MP + 5MP | 13MP Front Camera,5000 mAh,6.6 inch,"₹21,999",4.0
Samsung Galaxy A06 5G,Light Green,64 GB,50MP + 50MP | 2MP + 2MP Dual Front Camera,5000 mAh,6.7 inch,"₹9,861",3.6
OPPO K13x 5G 6000mAh and 45W SUPERVOOC Charger & AI,Midnight Violet,128 GB,50MP + 2MP | 8MP Front Camera,6000 mAh,6.67 inch,"₹11,999",4.4
realme 14 Pro 5G,Pearl White,128 GB,50MP + 2MP | 16MP Front Camera,6000 mAh,6.77 inch,"₹24,999",4.5
MOTOROLA Edge 60 Fusion 5G,PANTONE Amazonite,256 GB,50MP + 13MP | 32MP Front Camera,5500 mAh,6.67 inch,"₹22,999",4.4
MOTOROLA G96 5G,Pantone Ashleigh Blue,256 GB,50MP + 8MP | 32MP Front Camera,5500 mAh,6.67 inch,"₹19,999",4.1
Tecno Spark Go 5G,Ink Black,128 GB,50MP Rear Camera | 5MP Front Camera,6000 mAh,6.74 inch,"₹9,999",4.3
Tecno Spark Go 5G,Turquoise Green,128 GB,50MP Rear Camera | 5MP Front Camera,6000 mAh,6.74 inch,"₹9,999",4.5
OnePlus Nord CE5 5G,Black Infinity,128 GB,50MP Rear Camera,7100 mAh,6.77 inch,"₹23,999",4.4
MOTOROLA G96 5G,Pantone Ashleigh Blue,128 GB,50MP + 8MP | 32MP Front Camera,5500 mAh,6.67 inch,"₹17,999",4.4
MOTOROLA G96 5G,Pantone Cattleya Orchid,256 GB,50MP + 8MP | 32MP Front Camera,5500 mAh,6.67 inch,"₹19,999",4.2
OPPO A3x 5G,Starlight White,64 GB,8MP Rear Camera | 5MP Front Camera,5100 mAh,6.67 inch,"₹9,990",4.3
MOTOROLA Edge 60 Pro,Pantone Walnut,256 GB,50MP + 50MP + 10MP | 50MP Front Camera,6000 mAh,6.7 inch,"₹29,999",4.5
MOTOROLA Edge 60 Fusion 5G,PANTONE Zephyr,256 GB,50MP + 13MP | 32MP Front Camera,5500 mAh,6.67 inch,"₹24,999",4.4
MOTOROLA G96 5G,Pantone Greener Pastures,128 GB,50MP + 8MP | 32MP Front Camera,5500 mAh,6.67 inch,"₹17,999",4.2
Tecno Spark Go 5G,Sky Blue,128 GB,50MP Rear Camera | 5MP Front Camera,6000 mAh,6.74 inch,"₹9,999",3.8
OPPO A3x 5G,Starry Purple,128 GB,8MP Rear Camera | 5MP Front Camera,5100 mAh,6.67 inch,"₹11,066",4.5
MOTOROLA Edge 60 Fusion 5G,PANTONE Amazonite,256 GB,50MP + 13MP | 32MP Front Camera,5500 mAh,6.67 inch,"₹24,999",4.4
MOTOROLA G96 5G,Pantone Greener Pastures,256 GB,50MP + 8MP | 32MP Front Camera,5500 mAh,6.67 inch,"₹19,999",4.2
OPPO A3x 5G,Starlight White,128 GB,8MP Rear Camera | 5MP Front Camera,5100 mAh,6.67 inch,"₹11,134",4.2
OPPO A3x 5G,Starry Purple,64 GB,8MP Rear Camera | 5MP Front Camera,5100 mAh,6.67 inch,"₹9,899",4.5
OPPO K13x 5G 6000mAh and 45W SUPERVOOC Charger & AI,Midnight Violet,128 GB,50MP + 2MP | 8MP Front Camera,6000 mAh,6.67 inch,"₹11,999",4.4
realme NARZO 80 Pro 5G,Racing Green,128 GB,50MP Rear Camera,6000 mAh,6.7 inch,"₹17,459",4.4
realme 13 Pro+ 5G,Monet Gold,256 GB,50MP + 8MP + 50MP | 32MP Front Camera,5200 mAh,6.7 inch,"₹24,479",4.2
POCO M7 Pro 5G,Olive Twilight,256 GB,50MP + 2MP | 20MP Front Camera,5110 mAh,6.67 inch,"₹14,499",4.2
REDMI 13 5G,Orchid Pink,128 GB,108MP + 2MP | 13MP Front Camera,5030 mAh Lithium Polymer,6.79 inch,"₹12,499",4.5
MOTOROLA Edge 60 Fusion 5G,PANTONE Amazonite,256 GB,50MP + 13MP | 32MP Front Camera,5500 mAh,6.67 inch,"₹22,999",4.4
MOTOROLA G96 5G,Pantone Ashleigh Blue,256 GB,50MP + 8MP | 32MP Front Camera,5500 mAh,6.67 inch,"₹19,999",3.0
MOTOROLA G96 5G,Pantone Ashleigh Blue,128 GB,50MP + 8MP | 32MP Front Camera,5500 mAh,6.67 inch,"₹17,999",4.4
MOTOROLA G96 5G,Pantone Cattleya Orchid,256 GB,50MP + 8MP | 32MP Front Camera,5500 mAh,6.67 inch,"₹19,999",3.9
Tecno Pova Slim 5G,Slim White,128 GB,50MP + 2MP | 13MP Front Camera,5160 mAh,6.78 inch,"₹19,999",3.8
Motorola Edge 50 Fusion,Hot Pink,128 GB,50MP + 13MP | 32MP Front Camera,5000 mAh,6.7 inch,"₹18,999",4.5
MOTOROLA Edge 60 Fusion 5G,PANTONE Zephyr,256 GB,50MP + 13MP | 32MP Front Camera,5500 mAh,6.67 inch,"₹24,999",4.4
MOTOROLA G96 5G,Pantone Greener Pastures,128 GB,50MP + 8MP | 32MP Front Camera,5500 mAh,6.67 inch,"₹17,999",3.6
MOTOROLA Edge 60 Fusion 5G,PANTONE Amazonite,256 GB,50MP + 13MP | 32MP Front Camera,5500 mAh,6.67 inch,"₹24,999",4.4
MOTOROLA G96 5G,Pantone Greener Pastures,256 GB,50MP + 8MP | 32MP Front Camera,5500 mAh,6.67 inch,"₹19,999",4.2
REDMI 13 5G,Black Diamond,128 GB,108MP + 2MP | 13MP Front Camera,5030 mAh Lithium Polymer,6.79 inch,"₹13,999",4.0
REDMI 13 5G Prime Edition,Black Diamond,128 GB,13MP Rear Camera,5030 mAh,6.79 inch,"₹12,469",4.5
